-- phpMyAdmin SQL Dump
-- version 5.2.1
-- https://www.phpmyadmin.net/
--
-- Host: db
-- Tempo de geração: 29/11/2023 às 20:48
-- Versão do servidor: 11.1.2-MariaDB-1:11.1.2+maria~ubu2204
-- Versão do PHP: 8.2.11

SET SQL_MODE = "NO_AUTO_VALUE_ON_ZERO";
START TRANSACTION;
SET time_zone = "+00:00";


/*!40101 SET @OLD_CHARACTER_SET_CLIENT=@@CHARACTER_SET_CLIENT */;
/*!40101 SET @OLD_CHARACTER_SET_RESULTS=@@CHARACTER_SET_RESULTS */;
/*!40101 SET @OLD_COLLATION_CONNECTION=@@COLLATION_CONNECTION */;
/*!40101 SET NAMES utf8mb4 */;

--
-- Banco de dados: `PortDoHomen`
--

-- --------------------------------------------------------

--
-- Estrutura para tabela `conversas`
--

CREATE TABLE `conversas` (
  `conversa_id` int(11) NOT NULL,
  `usuario1_id` int(11) DEFAULT NULL,
  `usuario2_id` int(11) DEFAULT NULL,
  `apelido` varchar(255) DEFAULT NULL
) ENGINE=InnoDB DEFAULT CHARSET=utf8mb4 COLLATE=utf8mb4_general_ci;

--
-- Despejando dados para a tabela `conversas`
--

INSERT INTO `conversas` (`conversa_id`, `usuario1_id`, `usuario2_id`, `apelido`) VALUES
(47, 8, 10, 'RAG'),
(48, 8, 11, 'RAG'),
(49, 11, 10, 'raph');

-- --------------------------------------------------------

--
-- Estrutura para tabela `mensagens`
--

CREATE TABLE `mensagens` (
  `mensagem_id` int(11) NOT NULL,
  `data` date DEFAULT NULL,
  `hora` time DEFAULT NULL,
  `tipo` varchar(50) DEFAULT NULL,
  `conteudo` text DEFAULT NULL,
  `status` varchar(50) DEFAULT NULL,
  `conversa_id` int(11) DEFAULT NULL,
  `remetente_id` int(11) DEFAULT NULL
) ENGINE=InnoDB DEFAULT CHARSET=utf8mb4 COLLATE=utf8mb4_general_ci;

--
-- Despejando dados para a tabela `mensagens`
--

INSERT INTO `mensagens` (`mensagem_id`, `data`, `hora`, `tipo`, `conteudo`, `status`, `conversa_id`, `remetente_id`) VALUES
(34, '2023-11-29', '16:10:05', NULL, 'ola', NULL, 47, 8),
(35, '2023-11-29', '16:17:46', NULL, 'cade você caralho', NULL, 47, 8),
(36, '2023-11-29', '16:22:05', NULL, 'oi, cade você', NULL, 48, 8),
(37, '2023-11-29', '16:22:25', NULL, 'poosdmkdfbm', NULL, 48, 8),
(38, '2023-11-29', '16:23:55', NULL, 'ola', NULL, 47, 8),
(39, '2023-11-29', '16:27:41', NULL, 'dknbv dsjkf', NULL, 49, 11),
(40, '2023-11-29', '16:29:56', NULL, 'nsdbsav d', NULL, 47, 8),
(41, '2023-11-29', '16:38:59', NULL, 'kghjkbn', NULL, 48, 8);

-- --------------------------------------------------------

--
-- Estrutura para tabela `Usuarios`
--

CREATE TABLE `Usuarios` (
  `usuario_id` int(11) NOT NULL,
  `tema` varchar(255) DEFAULT NULL,
  `imagemPerfil` longblob DEFAULT NULL,
  `login` varchar(255) DEFAULT NULL,
  `senha` varchar(255) DEFAULT NULL,
  `telefone` varchar(255) DEFAULT NULL,
  `email` varchar(255) DEFAULT NULL,
  `bio` text DEFAULT NULL
) ENGINE=InnoDB DEFAULT CHARSET=utf8mb4 COLLATE=utf8mb4_general_ci;

--
-- Despejando dados para a tabela `Usuarios`
--

INSERT INTO `Usuarios` (`usuario_id`, `tema`, `imagemPerfil`, `login`, `senha`, `telefone`, `email`, `bio`) VALUES
(8, NULL, NULL, 'RAG', '123456789', '(65) 99625-8496', 'aguiar@gamil.com', 'ascsahjdasjhv sabdnm,saddasdas');
INSERT INTO `Usuarios` (`usuario_id`, `tema`, `imagemPerfil`, `login`, `senha`, `telefone`, `email`, `bio`) VALUES
(10, NULL, 0xffd8ffe000104a46494600010200000100010000ffdb004300080606070605080707070909080a0c140d0c0b0b0c1912130f141d1a1f1e1d1a1c1c20242e2720222c231c1c2837292c30313434341f27393d38323c2e333432ffdb0043010909090c0b0c180d0d1832211c213232323232323232323232323232323232323232323232323232323232323232323232323232323232323232323232323232ffc000110802c601da03012200021101031101ffc4001f0000010501010101010100000000000000000102030405060708090a0bffc400b5100002010303020403050504040000017d01020300041105122131410613516107227114328191a1082342b1c11552d1f02433627282090a161718191a25262728292a3435363738393a434445464748494a535455565758595a636465666768696a737475767778797a838485868788898a92939495969798999aa2a3a4a5a6a7a8a9aab2b3b4b5b6b7b8b9bac2c3c4c5c6c7c8c9cad2d3d4d5d6d7d8d9dae1e2e3e4e5e6e7e8e9eaf1f2f3f4f5f6f7f8f9faffc4001f0100030101010101010101010000000000000102030405060708090a0bffc400b51100020102040403040705040400010277000102031104052131061241510761711322328108144291a1b1c109233352f0156272d10a162434e125f11718191a262728292a35363738393a434445464748494a535455565758595a636465666768696a737475767778797a82838485868788898a92939495969798999aa2a3a4a5a6a7a8a9aab2b3b4b5b6b7b8b9bac2c3c4c5c6c7c8c9cad2d3d4d5d6d7d8d9dae2e3e4e5e6e7e8e9eaf2f3f4f5f6f7f8f9faffda000c03010002110311003f00f7ea28a2800a28a2800a28a2800a28a2800a28a2800a28a2800a28a2800a28a2800a28a2800a28a2800a28a2800a28a2800a28a2800a28a2800a28a2800a28a2800a28a2800a28a2800a28a2800a28a2800a28a2800a28a2800a28a2800a28a2800a28a2800a28a2800a28a2800a28a2800a28a2800a28a2800a28a2800a28a2800a28a2800a28a2800a28a2800a28a2800a28a2800a28a2800a28a2800a28a2800a28a2800a28a2800a28a2800a28a2800a28a2800a28a2800a28a2800a28a2800a28a2800a28a2800a28a2800a28a2800a28a2800a28a2800a28a2800a28a2800a28a2800a28a2800a28a2800a28a2800a28a2800a28a2800a28a2800a28a2800a28a2800a28a2800a28a2800a28a2800a28a2800a28a2800a28a2800a28a2800a28a2800a28a2800a28a2800a28a2800a28a2800a28a2800a28a2800a28a2800a28a2800a28a2800a28a2800a28a2800a28a2800a28a2800a28a2800a28a2800a28a2800a28a2800a28a2800a28a2800a28a2800a28a2800a28a2800a28a2800a28a2800a28a2800a28a2800a28a2800a28a2800a28a2800a28a2800a28a2800a28a2800a28a2800a28a2800a28a2800a28a2800a28a2800a28a2800a28a2800a28a2800a28a2800a28a2800a28a2800a28a2800a28a2800a28a2800a28a2800a28a2800a28a2800a28a2800a28a2800a28a2800a28a2800a28a2800a28a2800a28a2800a28a2800a28a2800a28a2800a28a2800a28a2800a28a2800a28a2800a28a2800a28a2800a28a2800a28a2800a28a2800a28a2800a28a2800a28a2800a28a2800a28a2800a28a2800a28a2800a28a2800a28a2800a28a2800a28a2800a28a2800a28a2800a28a2800a28a2800a28a2800a28a2800a28a2800a28a2800a28a2800a28a2800a28a2800a28a2800a28a2800a28a2800a28a2800a28a2800a28a2800a28a2800a28a2800a28a2800a28a2800a28a2800a28a2800a28a2800a28a2800a28a2800a28a2800a28a2800a28a2800a28a2800a28a2800a28a2800a28a2800a28a2800a28a2800a28a2800a28a2800a28a2800a28a2800a28a2800a28a2800a28a2800a28a2800a28a2800a28a2800a28a2800a28a2800a28a2800a28a2800a28a2800a28a2800a28a2800a28a2800a28a2800a28a2800a28a2800a28a2800a28a2800a28a2800a28a2800a28a2800a28a2800a28a2800a28a2800a28a2800a28a2800a28a2800a28a2800a28a2800a28a2800a28a2800a28a2800a28a2800a28a2800a28a2800a28a2800a28a2800a28a2800a28a2800a28a2800a28a2800a28a2800a28a2800a28a2800a28a2800a28a2800a28a2800a28a2800a28a2800a28a2800a28a2800a28a2800a28a2800a28a2800a28a2800a28a2800a28a2800a28a2800a28a2800a28a2800a28a2800a28a2800a28a2800a28a2800a28a2800a28a2800a28a2800a28a2800a28a2800a28a2800a28a2800a28a2800a28a2800a28a2800a28a2800a28a2800a28a2800a28a2800a28a2800a28a2800a28a2800a28a2800a28a2800a28a2800a28a2800a28a2800a28a2800a28a2800a28a2800a28a2800a28a2800a28a2800a28a2800a28a2800a28a2800a28a2800a28a2800a28a2800a28a2800a28a2800a28a2800a28a2800a28a2800a28a2800a28a2800a28a2800a28a2800a28a2800a28a2800a28a2800a28a2800a28a2800a28a2800a28cd26f1400b45377ad1e62fa8a09e688ea29be60f5146f1ea29d839e23a8a6f983d451e60f5145839e23a8a6f983d451e60f5145839e23a8a6f983d451e60f5145839e23a8a6ef5f5a37ad2b073447514668a0a0ac5d4b5d8b4cb9485ade59380eccb8f9474cfbd4d6bad59dddfc9651f99e6c790494c038eb83535f59584d8b8bc8a23e5721e4ed5949b92f7181741dc01ec452d35486008c104704561f885f5158e1364670993e6181033fb707b5394b955c0dea2ab5819cd8c2d76009ca0f300f5a8e5d5ac219fc892ee1597a6d2dcd3e7495d81768a68218020820f714eab00a28a2800a28a2800a28a2800a28a2800a28a2800a28a3340051451400514514005145140051451400514514005145140051451400514514005145140094c96458e32edc0039a7d43750f9d6ef18ea456755b506e3b8d5ae538b578659c47b5803c027a1ad1c73ed5cec1a6dc994068c8507a935d02f0315c397d5af522dd756d7435ad1826b9592514515e91899dad594ba8691716b6f318269570b20ec6b9ef0af86b53d1efa59aeef84b114da22466233ebcd7623914b8aa526958c27878ca6a6f74703abf84b5bbbd527bab7d4418a56c8479186d1e9c552ff8427c43ff004108ff00eff3d7a57d79a4c7a56b1c44a2ac8e69e5b466dc9deefccf37ff00842bc47ff3fe9ff7f9e8ff00842bc47ff3fe9ff7f9ebd228a7f5a9f919ff0064d1f3fbcf36ff00842fc47ff3fe9ff7f9e8ff00842fc47ff3febff7f9abd2b9a39a3eb53f21ff006551f3fbcf35ff00842fc47ff3fe9ff7f9e8ff00842fc47ff3fe9ff7f9ebd2b9a39a3eb53f20fecaa3e7f79e69ff00085f893fe7fd3feff3d27fc217e24ff9ff004ffbfef5e97cd1cd1f5a9f907f6551f3fbcf36ff008437c49ff4114ffbfef535bf837c4097113b6a6142302489589aeed6ee092692049a36913ef206c91f5156318ed49e226d5b4296554a2d3d7ef154100034b451581e895a3b0b686e64b98e0459a41f3b81c9a5bab482f6d9edee6259626fbc8dd0d58cd19a9b2b580af24d6f6508f31d2289460163814e8a68a78c491baba1eea722b88f13166d69924048541e583d00ef8ab1e11322dfdc46aa444532c01e01ff0013cd79d1c7df11ec2c2beb63aeba2e2d65317fac0a76fd6bcc6493ccc93d49cbe7b9af5438ef5913786f4cb8b8fb43c1f3139201201fc29e3b0b52bdb91dac0d5c83c2aeefa2a0724a89088f3fddff0039adfa8e289628c471a848c0c00063152576528384545bb8c28a28cd6c01451466800a28c8a2800a28c8a33400514514015ee65f22da4948cec52d8ae20f8ab531379b98fcbef163b7d7d6bba74578ca9195230457367c1f019b71b993c9ce7cb0073ed9f4ae4c446b49ae4765d4ebc2ce8c53f6aafd8e8ede613c0928e8ea1aa6a647188e30aa3000c014faea5b1caed70a28a298828a28a0028a28a0028a28a0028a28a0028a28a0028a28a0028a28a0028a28a00314514500145145001451450014514500145145001451450014514500349e2b12ff00c55a3e9b72d6b737aab38ea982715b87915cb6ade08d3754be92f5a49e299f1bbcb7c06c74a0db0ea8b9fef9bb791c1786357b4b0f195f6a3753edb69da521ce7b9e2bd574bd6f4fd6158d95c24bb3ef01dabc8741f0fc1aaf8aee74c9de648223272a793835ea3e1ff0bd978744bf657959e6c6e691b278a7a58f6338861535cadf3597a1bf4515e63f12fe2947e0ec69ba6c2b73ab32ee3b8fcb083d09f527d2a5bb1e12573d0f508a69f4f9e2b693cb999084707a1aada2dadcda5898ae9c96dc48064326d1e993d6be631f13fe245fbb5c5bea57462278f26d0151ff008ed1ff000b17e278ff0097ed47ff000087ff001151a5ee57233ea1bfd2ad3528c2dd4224c7439c11f88a92cac2db4f80456b12451f5c0af967fe1637c50ff9fed47ff0087ff134a3e22fc4eff9fed47ff00c7ff114b9209f35b51723dcfa43c5105d5c69f10b78e49504999638ce0b0c1feb8a7f8622b8874e713c52c2a642638a53ca2fff00af35f36ffc2c3f89dff3ff00a8ff00e010ff00e229bff0b17e268e4dfea38f7b41ff00c4d47b15ed39eefd07ecdee7d63457cdde13f8e7acd9ea11daf89156eeccb6d92655d92c7ef81d71e95f455b5cc5776d1dc40eb2432a86460720835ba7725ab0b23ac4864738551927d057965ef8d35ad67537b6d1d24488362310a6588f539e80d7a0f88d2493c3ba82479f31a160315c6fc3596ce286f11d905d3383f31e4ae3f975a7d6c7a9818d38d09d794799ad12fd4ee74537bfd916df6f3fe97b7f79f5ae77c67e2dfec354b4b4c1bd957764f445f5fad76039e86bc9bc511ac3f132dee2f549b5dd131cfa0fe80f34ccf2fa50ad5dba8b449bb77f23a2f075cf882eafa49751339b331e419942f3ec3d2bacd46fa1d2ec26bb9890912963562264784346415c7183c5739e3b8e597c1f7823ce460b63d33cd3316d57c4abab26d2b23891e2df136bda891a5a491a03855853207fbcc6bd62dfcdfb3279f8f3768df8f5ae3fe1d4d69ff08f2c31b46b32c8de60079e4f1fa576aa491cd236cca51f6beca30e551d3d475145148f3828a28a0028a28a0028a28a0028a28a0028a28a0028a28a0028a28a0028a28a0028a28a0028a28a0028a28a0028a28a0028a28a0028a28a0028a28a0028a28a0028a28a0028a28a002834514019569a0e9f65a84d7d0db225d4ff00eb241d4d6a52d21a06e4e4eed857c956d6dff09afc5c7b7bb91bcbbcd44f9bcff00278fc862beb5af933c6163a87c3df8a12dedba1005cfdaed1c8e24527247ea454c8ba7d4faaececadac2d12d6d6048608c6d48d0600156703d05799e99f1c3c1d79631cd79792595c11fbc86489d8a1fa81c8abdff0b97c09ff0041b1ff007e24ff000a7a116677b8f61f9518f6ae13fe172f813fe8363fefcc9fe1427c62f0339006b6a33c64c32003f4a2e82cceef60f41f95181e83f2a8a0b98aeede39e075921914323a9c8606b91d4be29f83b49bf9ac6ef5945b884ed9156376c1f4c81d69859b3cf3e3e786eca082c75e82158aea494c13328c79831904fbf079aebbe08ea525ff00c36b6494926d66920049ec391fcebc9be29fc4687c6b796d67a64720d3ad98956718334878ce3d3b7e35ed9f0bbc3d3786bc09636774bb6e64267950ff00096edf5c62a7a96d5a2ae76322aba1565c82306bcdf59f875726f9aef49b80aae73e5312a54fb30ed5e96727bd4534d141197924551eac6acd30b8aad4257a4f7e879569fafeb7e14d662b0d50486de43861236ec0fef03e95dbf893c316fe24b44756115ca0fddcb8fd0fb5711e3dd4adb57d5aca0b2712cb1650b2739248e2bd4ed87976b1063c8500fe54fa1e8e367282a7888ae59bbdec7935d683e26f0c466f6295cc517530ca580ff809ed5dc7863585f14f879c5d20f33062957b1f7a9bc49add859691751c9711b4ad190b183c926b9ef85f04ab697b724111c8ca83231c8fff005d22ab54957c23ad552524d59dad733b50f875aa5b5c492e93740a13954f30a30f6cf7a97c2de26d5b4dd74683ad17393b4190e4a9edcf706bd227b98601ba5992303a9638af28d66ee2d7be23598b0c491ab2c7e6a7720e4fe029a34c3622a62e9ca9d78a6926ef6d57ccf60a2917eed2d49e005145140051451400514514005145140051451400514514005145140051451400514514005145140051451400514514005145140051451400514514005145140051451400514514005145140051514b32c1199242151464935cc5c78bbf7e63b68415ecec7afe15cd5b110a36e67b9ad2a33a9f0a3abac1f13f84b48f1769df63d56dbcc50731c8bc3c67d41a4d37c4b0decab0cc9e4ca4e073c1adf15a52ad4eaabc5dc99d39d27692b33e5bf895f0badfc09676b7b6da94b7315c4a6311cb180578cf51d68f03fc2f8fc5fe1ffed36d59ed7f7ad188c43bba63dfdebd03f689ff00915f4aff00afb3ff00a0d68fc0886293e1c866504fdae5ebf850d5de86b09da376723ff0a1e1ff00a181ff00f0147f8d387c09b7fe2f10cb8ef8b603fad7bc7d8edffe792fe555afe28adb4eba9a28d0491c2ce38ee06697b37dc3db232349b65d1b48b2d36da490c36b108932724e3d6be5db7d18f887e223695e7793f6cbe78ccb8c91963cd7ae7c1df116b1e21d3f567d52ee4baf2a64f2de4fe1c8391f4af39f06e7fe174d80ff00a883ff0033495ef6668ec95d1ed3e11f837a07862f16fe579752be4398de7002467d42fafb9cd7a5d1456fb1c8ddca777731d9d9cd7521f92242c7f0af22b4b7d63c7da9dcce66d9046d8f9c9da9ec00ea6bd5b5cb66bdd16f2da3fbf242ca3eb8af3af03f882cb4217367a8b080b3e72c3a11c60d17573d8cbaf1a152a52579ab5bc91d27877c076ba35c2de5cca6eae17ee123017e83d6b27c7bafdebea51681a79712381bb61c1627a0fa577963a95a6a31196d2e63993b9439af32f1934fa2f8eed757688b44429ce3ae3823eb8a61819cebe29cabeb249d93efd0b7a77c319dc23dfdeaa13f7d225c9fa64d75da8cd6fe14f0bcd25ac402dba7c8bea7ff00d74fd3bc5ba2ea7e5a437d1f98dd11b83fad43e33b17d43c2f7490825800c00ef8a7b18d4ad5ead78c313a2bed6b23cf347f0feb1e34925d4aeaec245b8a89189393ec3d2bbdf0d7836dbc3f29b8321b8ba231e630c607b0ae7bc0de2bd32c74c1a6df4a2dde324aee180c0d7a0da5e5b5ec5e65acd1cb1faa1c8a46f99e2312a52a76b436565a5bd4b74514523c50a28a2800a28a2800a28a2800a28a2800a28a2800a28a2800a28a2800a28a2800a28a2800a28a2800a28a2800a28a2800a28a2800a28a2800a28a2800a28a2800a28a2800a28a2800a28a28039ff15c8c9a4617386906699e1bb1b6fece59fcb56964fbc48e6b5efecd6fed1eddfa30e0fa1ae47ec9abe96f22c2afb09eb18dc3f2af27117a788551a6d58efa3253a2e9a76771de21822b5d4a36800462bb8e3b1aeca125e18cb752a335ca69fa2de5fdd8bad4034680e4863f337f80aebc0519ad30309de551ab27b233c5ca368c13bb5bb3c73f6891ff0014b697ff005f67ff0041ad3f808d9f87647a5e4a3f9566fed11ff22ae9bff5f67ff41abff004ff00c5033afa5f49fc96bd0ea63ff2ecf55a86e1e38a0924971e52a92d91dbbd4d54b56ff9035eff00d7bc9ffa09aa3238cf05ebde15d734bbf3e19b25b38a39f132ac223de48e0f1eb5e17e0bff0092d3a7ff00d841ff0099aed7f67fe749d6bfebb45fc8d719e0cff92d9a78f4d424fe6d58ef23a6d6833eb2a28a2b63986e3d6b97d6fc0fa66b5379ede65bcc7abc4719fa8aea71c566eafab5a68b60f777ae5624f41924d06b42ad584d3a4da7e47956a36779e04f12dacd6f72f2c12723b640ea0d7a9dfe9767ade9e21bc88491b80c3d57dc1f5af31d7f547f19ebd676b636cc235e1438e79eac7d0015eb7027950c6a7f8540a69df63d4cca5351a729e952daf7f23cdf5bf874b676135c69f73233460b04979fd456cfc3fd5a4d534492dae4967b621413cee53fe7155fc49e3bb38e3bbb0b34796700c4ce46114f43cf7a9be1d6992dbe932de4e0a9b920a8230768e949155a75678272c4ef7567d49356f877a5ea13b4f1c92db39e58458c7e55c8e97f6df05f8ee3d39e732db4e541f4607be3d735e93af7886cfc3f6f1c975bcb4a76468a3258d79b4134fe31f8836d751c2c9041b49c8e8a39e7f1aa45e02ad7a9467ed9de9d9efdfc8f631d28a00c0a2a4f0428a28a0028a28a0028a28a0028a28a0028a28a0028a28a0028a28a0028a28a0028a28a0028a28a0028a28a0028a28a0028a28a0028a28a0028a28a0028a28a0028a28a004cd2e7d2bc0fe31fc49d4f4fd71fc3ba35d4968b0a0373345c3331e7683db8c570b1e89f1327413241e2221c6e0fe6c8339fc695cb54eeb73eb5a2be4cff00847fe270ff00977f11ff00dfd93fc693fe11ff0089dff3efe23ffbfb27f8d2b8fd9f99f5a5262be4dfec1f89ff00f3efe23ffbfb27f8d365d1fe25dac0f732c1e2248e31b99da593803f1a2e3f65e67d6dc515e1ff0005fe236a3ad6a527877589daea41119609e4e5f8eaa7d7d735ee14d3336accf1bfda23fe456d33febecffe8356ff0067eff910eebfebfa4ffd052aa7ed11ff0022be97ff005f67ff0041ab1fb3e1ff008a22f07a5f37fe82297534ff009767ae552d53fe40f7dff5ef27fe83576a9eadff00208bdffae127fe826a8c8f0cfd9fff00e411ad7fd768ff0091ae37c1bff25b6c3fec2127f36aecbf67ff00f904eb5ff5de3fe46b8bf05ffc96db0ffb0849ff00b3d631f899d6fe03eb3a28a2b63904aa3a96996bab5abdaddc7be26ea335e3de3ff8dafa55ecda4f86e2492684ed96f25f9941ee1477fa9af3d3f15be2049fbc5d5a720f4d96a31fca95d171524d34eccfa674af0ee99a287fb15baa3b7de7272c7f135ad8e2be4eff0085a5f10bfe82975ff80c3fc297fe16a7c41ffa0a5c7fe030ff000a2e8b946737cd27767d213783f4596fcdebda6e94b6e20b1da4fd2b782ac600000503802be52ff85a9f107fe82973ff0080c3fc293fe169fc42ff00a0a5cffe030ff0a39d15255269733bdbccfa7f56d16c75a8512fa22e10e5482411f952e95a358e8d0186cadd6253c9c0e4fd4f7af97bfe169fc43ffa09dd7fe030ff000a7c3f17fc79652acb36a4cca0fddb8b7183fa51cc2fde72f2df4ec7d634579b7c38f8a969e350d637512da6ad1a6e3106caca3b95ff000af49a662d5828a28a0414514500145145001451450014514500145145001451450014514500145145001451450007a560ea1a8ce2e1a38a43185e3819cd6f5675d69515cc9e616646efb7bd716369d69c2d45d989dfa0ed32e9aead77498dc0ed2477abf50dbdb476d088a218515356d454a34d29bbb18514515b80514534b0404b1000ee4d2d807515ca78aeee458adfecd72e8b924989f19c7d2b7ecae526b5809914c8c80919ebc573431309cdc16e82e5ca28a2ba8028a28a00f92be29807e2c6af9ff9ef17fe80b5f57db7fc7bc5fee8fe55f2dfc66d3aeb4af89377772467c9bcf2e785b1c3600047d722bbd83f686d3561446f0fdee5540244aa4542d1bb9ab4da563db68af19ff8689d1ffe805a8ffdf6b47fc34468e7fe605a8ffdf4b55744f24bb1ecd55750c7f66dcffd717fe558de12f17e9de31d1bfb4ec77c718731bc728c1561585f11be23d8783215b392da5bbbdbb858c69190020e9927d334368949dcf18f81c47fc2d383deda6c7e55f53d7cc1f02b4f9ae3e211bd48c986d6d5fcc7c700b7007d4f35f4fd0b62a7b9e35fb44ffc8afa57fd7d9ffd06a5fd9e4ffc521a88f4bcff00d94545fb44ff00c8afa57fd7d9ff00d06a5fd9ebfe452d4ffebf7ff6514ba95ff2ecf60aa7ab7fc822f7feb849ff00a09ab954b56ff903deff00d7093ff4135464786fecff00ff00208d6bfebb47fc8d71be0aff0092db61ff0061093f9b5765fb3fff00c8235aff00aed1ff00235c6f82bfe4b6d87fd8424fe6d58af899d5f619f58d723f127599341f87fabdf424acc22f2e361fc25ced07f5aebab8ef8a1a4cbacfc3ad62d6004ca22f3540efb0eefe95abd8e65b9e25f05fc1f65e25f115cdfea1189ed74f0a444dc8790f4cfa81826be9848628a311a44ab18e8a000057cdbf02bc5569a3f886ef4bbd91614d4517ca918f1e62f407ea09afa5fad25b153bdc4f2d3fbabf951e527f717f2a7515440df293fb8bf951e5a7f757f2a7514009b13fba3f2aa7a869561aad9c9697f650dc5bc830d1c88083576a0baba82cede4b8b9956285065e4738005007c97ac58cbf0ebe2a18ace4212cee9258493d623ce0fe048afada195668239474650c3f1af92bc57a81f1efc517934f42e973731dbdb607541c67f1e4d7d6b0462282388721142e7e9491a4f644b451453330a2aac77d6b34a628ee627907555704d3a6bcb6b6204d3c5193d03b8151cf1b5ee058a2a9ff006ad87fcfe41ff7f0539350b39182a5d44cc7a00e39a4aa41ecc0b545145680145145001451450014514500145145001451450014514500145145001451450014514500159bac69c753b06b61279649041c67a569515128a926981e73ab68f2690103ccae1f270a318c56ad8f85647fb3dc9bb44195930b173eb8ce6b7f54d26df558e359cb8d8720a9c55e8e311a2aaf014600af3a8e5f185673e9d04959920a28a2bd41851451401c0fc5fd32d350f875aa4b3c08f35ac62585c8e54e474faf4af13f855e0ed3bc5baaea36fa9acf2476f02c91ac526de49c57bd7c52ff009267af7fd70fea2bca7f678ff91875bffaf58fff0042acdabbb1b53768b6755ff0a5bc2fff003e77ff00f7f8d35be0b78597ef437a3eb31af5da64ff00ea1ffdd349c34dc1567d8e4740d074ef0ee9a34dd32211420990a16c963ea6bc63e3affc8d7624f6b1c0ff00be8d6883a99fda12123ed4212c31d7698bcafe5595f1df3ff095d8ff00d7973ff7d1a857bee6fa6f63dbbe1b69765a6f80f49fb2c09134f6c92cac0732391c93ea6bafae7bc0bff222e87ff5e517f2ae86b75b1c6f73c6bf689ff915f4affafb3ffa0d4dfb3e0ff8a4752f7bcffd94545fb447fc8afa57fd7d9ffd06acfecfc3fe289bc6fef5f3ff00e82297534ff9767add52d5ff00e40f7dff005ef27fe826aed53d5b2748bc03a9824c7fdf26a8c8f0cfd9fbfe413ad7fd768bf91ae33c19ff0025b6c3fec2127f335da7ecfe0ff646b67070268c7e86b89f067fc96db0ff00b08c9fccd62be2674bf80fad29aca1810c0107b1a7515b1cc7817c40f82576f7f36a9e1608f1c877bd913b4a1ff60fa7b57986a2fe31f0ecf1d9ea975abd8b15dd1c6d70c323db9e95f6657cf7fb42f1af689ed6d273ff0002a892b2d0da9caeecce1ecacfe20ea16715e593ebd35b4a32b247348437d39a9ffb1be25f78fc45ff007f64ff001af78f86b6924df0d741224001b6e847b9aeabfb3a5ff9e8bf91a8f7ba235e7823e6ad2b4bf89b16a76ef6c35c470e399e63b47d727a57d29fda522a283182d81b883de97fb3a5ff009eaa7fe035e59f10bc71aa7857c67a46936890fd9e60ad3191325816c71e98149b9a27f772649f1afc49a9e9fe1ed3e1d3eea5b43713112b42c5090074cfa578ee9da078d3c636e0d9c7a9dfda97d85e49898b23d4938e2bd37e3bff00c827491e9349fcabacf817ff0024c6dbdee66ffd0aaa176f514ed05a22b7c32f8523c24ffdadabc91cfab1188c2729003d71ea4fad7aa51474ad52b1836db0a64a82442873861838a7d152d5f411ced97856dec6f21b95b8958c24940401d7d4f7a9752f0dc5a8de1ba33347214d87806b768ac9e1e9b8f2b5a058e5bfe10c8b663edb27fdf229f07842de19e395ae646f2d83e000326ba6a2b28e0e8c5a6a3b05900a28a2bb0028a28a0028a28a0028a28a0028a28a0028a28a0028a28a0028a28a0028a28a0028a28a0028a28a0028a28a0028a28a0028a28a00e3fe29ff00c933d77febdbfa8af28fd9dbfe461d77febd63ff00d08d7abfc53ff9267aeffd7b7f515e51fb3b7fc8c7ae7fd7ac7ffa15475355f033e87a8ae7fe3da6ff0074ff002a96a39ffd43ff00ba69bd8c8f28b7f88813e2345e123a68f2f8885ceee41d99e9e9dabcf7e3affc8d769ff5e431ff007d1a921cff00c344afb5d0ff00d1751fc78ff91aec7febcbff0066358a56676f43defc09ff00222e87ff005e517f2ae8ab9ef027fc889a1ffd7945fcaba1ae838dee78d7ed11ff0022be97ff005f67ff0041ad0f800b8f00ccdfdebe93f90acefda2481e17d287737671ff007cd6cfc075c7c3588f76ba949fd2a7a96fe047a6d04668a2a8ccc69ac2cb4db5f2eced20b74965cb08630809f5e3bd7cc7e0eff92dba7ffd845ff99afa9b56ff00530ffd751fc8d7cb1e103e57c6cb0cff00d04d87ea6b2fb46f157a6cfada8a28ad4c02be7afda27fe43ba2ff00d7b49ffa157d0b5f3cfed13ff21dd17febd64ffd0aa65b174f73d5be167fc932d03febd47f335d8571ff000b3fe499681ff5ea3f99aec29a25ee15e79e37b4f05dcf88f4697c45308b5256c5a2190aeff9bbe3b67d715e875f3cfc72247c47f0dfb4298ffbfb4a5b150dcd2f8f047f66e95ff5da4fe55d57c0bff92636bff5f337fe855ca7c78ff906e95ff5da4fe55d57c09ff925f6bff5f337fe8559d235adb23d16595218cc8e42a81924f6ac7b5f16e8d7974b6f0dda9763f2920e1be86a4f1459cf7fe1cbdb7b6cf9cf110a077f6af21b0d3b51bbd4a2b48ed2649830ce632047f8fb56add99d781c1d1af4a529cacd1ef1453230446a0f240eb4fa67981451450014514500145145001451450014514500145145001451450014514500145145001451450014514500145145001451450014514500145145001451450071ff0014bfe49a6bbff5effd457947ecedff00230ebbff005eb1ff00e846bd5fe297fc934d77febdff00a8af28fd9dbfe461d73febd63ffd0aa3a9aaf819f43d473ffa87ff0074d4951cff00ea1ffdd354f6325b9f3642847ed14b9ef740ff00e42a83e3b1ff008aaecffebcff00f6635eea34fb1fb72df7d8a0fb581b44de50f3076eb5e15f1d87fc55765ef663ff004235ce9de4775b43df7c0bff00222e87ff005e517f2ae86b9ef02ffc88ba1ffd7945fcaba1ae9389ee7847ed1776a62d0ec01e732cc47e43fc6bb5f82f6bf67f863a6373fbd6924fcdbffad5e3ff001b3551acfc4296d206dc2c625b6007fcf43c9fd4815f44784f4b5d17c27a56983adb5ac68df5c73fae6a56ecd25a45236a8a28aa3233f54ff5517b482be55763a27c68f35bfe5df5804fe327ff005ebeadd487fa383e8c2be61f8c5a7b69de3f92fa2181771a4ea47f78707f502b26ed23a29eb03eaba2b1bc2fab45af78634dd4e26cadc408e7d8e3047e79ad9ad4e70af9e7f689ff0090ee8bff005ed27fe855f4357cf1fb44383af68e8082c2d64247a7cd532d8b86e7abfc2dff009263a07fd7aff535d8571ff0affe498787ff00ebd7fa9aec29a25ee15f3d7c74ff00928de1bffae29ffa36be85ae03c6de00b0f14ebba5ead75753c12d9f0123030e036e19cf4e6949d9150dce23e3cffc8274affaed27f2aeb3e04ffc930b5ffaf99bff0042ae43e3c64e91a53f6fb4483ff1daea7e064d18f86317ce07957336fc9fbbce79fc2a291b56d91e9f8a362ff76a28a78a6242306c0078f7e6a6ad4e60a28a2800a28a2800a28a2800a28a2800a28a2800a28a2800a28a2800a28a2800a28a2800a28a2800a28a2800a28a2800a28a2800a28a2800a28a2800a28a2800a28ae7fc4be31d13c2769e7eaf7a9093f7221cc8ff0045a00cef8a5ff24cf5dffaf6fea2bca7f676ff00918b5cff00af58ff00f42acdf1dfc6ab8f1369d71a4e9ba72dad84e364b24ed995c7b6381fad741f00347beb5bfd5b519ad668ad268638e292442a1ce72719eb8a9dd9b5ad067bcd4737fa97fa1a92a39bfd4bfd0d37b192dcc215e07f1d47fc55161ef65ffb31af7ac8af13f8e3a5ddcda9e9fa8a5bc925a8b631b488090a77679f4eb5c907ef9e83d8f6ef027fc88ba1ff00d7945ffa0d58f136b96fe1af0f5e6ad74404b78c903fbcdd87e2715e0fe09f8e33687a7dae93abe9c2e6d2dd4451cd6e712051d320f07f4aadf167e235b78bbecba7e9124874d8c0964664286493b0c1ec3f99aeabab1c7ecddccbf871a3dc78d3e2625cde6648a394dedd93c8273903f1381f857d5c2bca7e1769fa37827c26936a3a8d8c3a8df013dc6f9d72a3f857f01fa9aebe5f887e1085497f11e9fc75c4c0ff002a15ac44aed9d3d15c637c54f0427def115a7e1b8ff4a68f8b3e06271ff090db7e21bfc29dc567d8eb6ee3f3ada48c75238af1ef8cfa01d4fc2aba9c084cfa736e381d636ebf91c1aeea1f89be0a94e17c49659f7623f9d413f88bc33a8f990a6b7a6cf14c0aba7da179078ac6ae8d346d46eae99c2fc01f1524d6175e199dbf7901fb45b64f553f787e079fc6bdbcd7c837d15d7c39f88426b199645b797cdb7915f22588f6e3d46457d53e1ed72cfc47a1daead64fbe0b84dc07753dd4fb83c56b17744548d9dcbf717115ac124f33848e252eec7a003935f26eab757bf137e2615b6df8bd9843003ff2ca11dfe8064fe35ebdf1d3c57fd93e1a4d0eda4c5d6a5feb307958475fccf1f9d657c04f09f936971e27ba8ff793660b4c8e883ef37e278fc0d0f57605a2b9ec5a4e9b0691a55ae9f6a3105b442241ec2af51455198550d4a3251641fc279abf4c923122321e8460d26aeac38bb3b9e77e3ff0d8f14783eeec91337510f3ad8ffd341dbf11915e57f057c4a34bf114de1cbe2459ea7f2a827fd5cc3f967a7d40af7b6530ca633d41af9d3e2af87e4f0c78d06a7644c705e1fb4c2c9ff2ce51d47e7cfe358537676675c92923e8fb5616b3b862e177ed60c338f4258f0077007ad6e570be17f10db78c7c2b65ac124ce91159a25c0d928c0272781f8f635d469d7314b008d0fcc800efc8e80f3d7a633ea2ba0e47a1a545145020a28a2800a28a2800a28a2800a28a2800a28a2800a28a2800a28a2800a28a2800a28a2800a28a2800a28a2800a28a2800a28a2800a28a2800a28af1af8c1f13ce89149e1fd166c6a0e31753a1ff0050a7b0ff0068fe949b1a5727f895f182dfc3be6e91a094b8d507cb2cc798edff00c5bdbb57957867c0be29f895a8bea57134a2ddcfef750bacf3ecbebf8702b7be157c277f1118f5ed7e361a5e774309eb727d4ffb3fcebe8eb7b686d2dd2082258e141b51146001525369688e2fc2ff000a7c33e1958dc5a0bebc5e4dcdd0dc73ec3a0aeb2f2fe3b1f2d0c64e7a01daa55bd89ae0db827cc1edc53ae208655dd32a90bce4f6ac6a49ca3fba7a82dfde1eae1e3561d08a3cc42db43296f4cd070d09f2c8c11c115850595d0bf590a6c0adcbfad635b115694a3151bdf7638c534db762dea72430800463cc3cf159b0ca6590c640208e531906b5353b092e40922c6e03183deabe9fa74b1cc25940403a0cd7995beb5f5d56d2274d394152df5386f127c30f0e788049225b2e9f78dc89ad5368cfbaf43fa578978abc11abf84ee0fdb6312d99388eea2e636fafa1f635f5a5d5824a37c7f2c9fceb16eed2dee6092d6ea18e685c6d92290641af56a54f64d733dc29494b63e57f0e6872f897575d32deead2de67198fed4fb431f41efed5e8717c01d64ffafd634e8ffdd8d9ab1be217c399fc2f39d63492e74d2f9201f9edcff87bd68693f1d359b2d3e1b6bdb182fe48c6d370ee559beb8efef454736af4899f3743453f67dba1f7bc4307e16c7fc69c7f67e9fb78822fc6d8ff008d1ff0d07371bbc3f1fe1707fc283fb41cbdbc3c9ff8127fc2b99fd6ccad32b4bfb3e6a7c98f5db363d83c4c2a8cff0001bc4d121305ee9b31fee062b9fcc5684bfb415f1ff55a1db2ff00d74949aa337c77f124b9115ae9b083fec16c7e66ad3c575b14b98e7eff00e15f8d34d8d99f4779957bdb9127f2e6b67e1378ff00fe111d565d235891a2d2ae1c92641ff1ef28eff43d0d645e7c4ff1aeace557579e307f82d6309fcb9ae52fa1bc1279b7a92ac937cdba51cb7a9aeaa4e4be2b5cbb732b33a9d56eef3e27fc4ddb6e5b1793886107fe59423bfe0327f1afaaf4ad36db48d2adb4eb45db6f6f108e31ec2bc73e01f84bc9b4b8f14dd47fbc9f30dae4745fe26fc4f1f857b85742ee73d47adbb0b4514532028a28a00cdd460e930f4c1ae27c7de1a5f14f842eecd114ddc43ceb627fe7a0edf88c8af45963124654f4231584ca6194a9ea2b0a8acee8e9a2eeac781fc17f14368fe219fc3d76bbad7531b444e7189871f864647e02be81805cc575e63445589c4a123ca95ec777563d3f33c57cddf15bc3cfe1bf19aea76398a1bc3f698993f825079c7e3cfe35ee3e1af145bf8afc1d61a9ef6170ebe5dca2139571c37a01ce0e4f1cd6b07744558d9dcee811d33c8eb4b597a588879aab0a46c9852636dc0f7ebdcfad6a551885145140051451400514514005145140051451400514514005145140051451400514514005145140051451400514514005145140051450680390f885e2d8bc1be14b8bfe1aedff00756a87bc87a7e03afe15e07f0d7c173f8ffc5535eea8cf2e9f0c9e75dcadff002d9cf213f1ebf4ab3f193c42fe24f1a369f6d26eb5b06f22219c032ff19fcf8cfb57a4f86fc55e0af873e14b4d265d5e096ec2efb816c0ca5a53c9e9f97e15174d9ad9a5a753d52186382258a24091a00aaa060002a5af22bafda07c350e7ecfa7ea53e0f1fbb0b9fccd625c7ed1a993f66f0e3e3b192e7fc0555d10a9c9f43dc85b4425f3420dfeb4b342934262917746c3041af9ea4fda2b5724f97a1d8a8edbe5635037ed07e256fbba7e949f5de7fad42515b22bd9c99f4511e4c1b2141f28c28a86cde7911bcf4da41e38eb5f3a9f8ffe29c7fc7b6943fe00c7fad27fc2fdf15f1fe8fa5ffdfb6ff1a870bc94aff21f23b5ac7d2d5ceea42637843798413f2605785ffc340f8ab1ff001eba67fdfb6ff1a51fb40f8a3bd8e967fe02ff00e35cd8cc22c4c546ed599505283bdae7d1b6a2416d1093efede73541b4b97ed0ee1d4a93919af0c8bf688d6d3fd668fa7bfd1dc55eb7fda327ff00979f0ec67feb9dc91fcc5693c2c269296b608aa916daea7ab5cc315cc52db5cc49243202b246e3208f435f3778ff00c1efe11f1095894b69f707ccb573ce0778cfb8fe55e8e9f1e741ba70f71a35fc2c7ef152ac2aa78bbc69e0df1af85a7b0178f6d7d1fef6d4dcc457120ed91d8f4a514e2ed6d0dd3babb19a0681e12f126836da8ae8f02cac36cf1c724836c83af7e8783f8d5b87c17e109f7791a7c126d6d8d8964383f9d70bf0c75b5b1d764d36e37f9178bc01da41c8fcf915e95a5de69622bb92c639151479b2023aff009e95e3e33db52a8d26ecf6382bf3425b9421f0ae802f2eede0f0d4044116e8a6914b066c74e4f355eda0b3b6d1ae669f44b08a5670b6c4da2a93ea79ec3f9d4336b7a8cf3f982ea488039448f802a2bebfb8bf944b73217709b0718c538bab6f79fe24733ee420c7102762c71a8cb1031815c0dbda5d78d7c6d6f636d9cddca235ff00a6718ea7f01935d078af50fb26982d54e25b83838eca3fc7a55bf85be22f0cf8466bbd67599dcdf32f936f0c5117655ea5bd067815ea6123d5f53a6926a373e91d2f4db6d1f4cb5d3ad1765bdbc4228d7d87f5abf5e2f7bfb4468f1022cf46bc98f632b88c1fe758d73fb465eb716be1e817febadc16fe42bbee89f6727d0fa068af9b65fda0fc48dfeaf4dd3631efb8ff005a88fed01e2aed6ba60ffb66dfe34b9915ec647d2f457cc9ff000bff00c5bff3efa6ff00dfa6ff001a70fda07c55decf4d3ff6cdbfc69dd07b191f4cd666a509c09876eb5e0707ed0de204ff005da469f2fd19d6b4a0fda264642b7be1c5607a98ae71fa11512b3561c29cd3bd8ecfc7fe1b1e29f085d5aa20fb5c23cf809fef0edf88e2bccbe07f8a8e91e259340bb7c5a6a5f2a06fe1987f88c8fcaba8b3f8e7e1e9587da74fbfb6e7a802402bc9fc5f75a5ff00c260fab786ee4982661731fc854c3275239f7e7f1ace95d3d4de51e6563ea82a96978a63ff005887840ff3383d828e02f7fc2b78104023907bd713e1ef10c3e29f07da6b516d8e6b94f26e4003ef81f3027b018273e9daba2b0bb8d8adb2c4635e768cf4ef8f6ea08f6ae838dab1ab45145020a28a2800a28a2800a28a2800a28a2800a28a2800a28a2800a28a2800a28a2800a28a2800a28a2800a28a2800a28a2800accf106a71e8de1fbed464202db40f27e438fd715a75e79f1a2f0da7c38bd40706e258a1fcdb3fd2937a0e2aecf99a594cb2cb712b66595cc8d9e793cd6b69569e16931fda5aa6a506465bc8b4040fc4b57a27c1dd06c751b0d6ae2fad21b888948424a99e3a9fe95d0eaff063c3f709e741f6ab124f489f728fc0d7953c6d3a726a49d96efa1dcedb1c9697a07c1f988f37c4b792123eedc1317fec95d7587843e123e0dbcd61719e9e65f139fd6b91baf81ee49fb2eb48476f361c7f2acb97e09ebc84f977da7bfa65c8cfe959acc30b3daad84e93eecf65b5f067c3e1836fa5e8efff00020ffccd6945e10f090ff57a1691f85bc66be7e93e10f8ba3fb91da37bace05556f86de3787a594c7fdc9c1feb57f58a2f6a8bef17b17dcfa5a3f0de8117fabd174e1f4b74a93fb0f471ff00309d3fff0001d2be63ff00841bc76bff002e77dc7a4e3ff8aa67fc219e3aff009f4d43feff00ff00f5e8e7a5ff003f17de83d83ee7d38fe1dd09f21f46d3883eb6e9555fc23e1539dfa1693f8dbc75f378f0578edffe5cefff001b8ffeca93fe15e78de53cd8dc7e338ff1a39e92ff00978bef41ec25dcfa0ae7c1de0320fda348d153d7855ac3bcf06fc2de7ce5d2a03dfcbbcdbfd6bc853e1278c67c168205cffcf4ba156e1f82fe247c79971a7c7f5949fe42a5e270f1deaafbc1527dce9b56f0dfc1f814e75e92039e96d7065c7e86b86d574ef01c596d2f5fd5e5f4125a023f3c8ae9a1f81f7d8cdc6b16ab81d238cb55fb1f84fa543837977713faac60460ff5a9799e1692d6773585093d99e4915cff0067ea315cdac8c4c32092372319c1c8e2bde56ff48834df3952351791063144324ee19fcb9af3df897e1bd3f448f4e934eb6582364657009249eb924f7a9fc3f299bc3f66e79223da4fd0e28c4386268c6ac5e8726329356b9a671b8edc819ef499ea72000324fa538e3b561789f50fb0e90f1a3626b83e58c7a77ff0fc6a29c39da48e6a69c9d91caeb37ffda3aacd383fba076c40f651d3f3ebf8d5cd22d3c2d3aa7f6c6ada8db67ef2c16a1947e39fe95a7e0cd0e1b8b7b9d42f6d96788feea3493a67b9fc2af5d784346b962d6d2cf6cc4f080ee1faf35eb256d8fa2a396d49d2528a3774cf0e7c29600aeb0d74c4f4ba9cc5fa60574f65e15f006c06decb4c9bddae3ccfe66bca64f87f37263d4613fef29155dfc07aaaff00ab9ad5be9263f9d5a7e43fa9568e8e2cf7887c31e18c029a26967d31129ab69a0e8d1636691a78fa5b2d7ceb27843c431f0a85b1ff003ce607fad37fb03c529d05d81ed37ff5e95c8fabd55f619f487f6369a7fe61965ff80eb50cbe1fd125ff005ba3e9cdf5b65af9d468be2af4bcff00bfdffd7a53a078a5fef2dc9facdffd7a7cc1ec2abfb0fee3df67f0b784b07cfd1f49407afeed52b0efbc29f0e867cf8f4e83fddbadbfd6bc7e3f07ebd37de017feba4c2adc5e01d51f1e6dcd9c7cf77cff002a4ddc6b0b59ed06749ace87f0b618cf95aeddc72f64b53e77f31fd6b80d56db4a824034bbcba9d33cf9f008f1f91ae913e1fba83bf50424768e3ebf9e2a0b7d22c6090064329070779e2959f436a595d79bd558e9fe0778905a6b93f86eee522dafff007901ce0acc3d3dc8fe55f435be9f15abef52ce7b138e3e800af8fb5049743d720beb23b1e2904d091d8839c57d6be17d7adfc4be1bb2d5edf8171182cbfdd6ee3f039ad62eeac78b8ca0e8d4699b4471d298cc157d29e6bcf7c41e1df13de6af3cf697cdf657e523f3caec1f4aa33c3518d69da5251f362f85bc4da96a3e2abbb3ba955adbf79e5a85c6dc1f5aefc13b8d786695a7ea577abbda584a62bc5ddb98498ce0f3cd7a5f83f4ad6b4c4b81abdd198363cb53217c7e2685aab9ea66b83a349f35392d969d7d4eae8a28a0f1028a28a0028a28a0028a28a0028a28a0028a28a0028a28a0028a28a0028a28a0028a28a0028a28a002bcabe3e923c056f8ef7f1ff26af55af33f8e96cd3fc3a79029261ba8a4e3b738feb49ec5d3f89187f0630be13bc3dcddf3f90af4fd52e637b20aae0b123806bc97e0aca24d0f55809f9a2995f1f55ffeb57aa1d251ad3ce524bedcfd6be5f112c43955a5049a68ec7c974db32f71ef464d2fafa834035f1ad72bb1de3b269bf5a28a2e1610fd051f852d1c54b9499437f2a7514da1c805c9a7e4d47454ad3526c12c8446c7d0565e7ad5dbb936db9f738acff5ad56aaece8a4ac9b3cefe2f0ce8d607bf9ce3f4ac4f0a13ff08f403d1987eb5abf17e602d74db6eec5a4c7e42b3fc351795e1db4f56058fe26bedf04ad97c6e79198ee6bd79deb772dacebfe45b82c8ac21880efff00eb35d8ebb7ff00d9da34f303fbc6fddc7f53fe1c9ac2f02e9fbef64d41beec1c2e7fbc7fc2bd0c1d3de44e5d87756aa4ba9dbe9705b69f15969dbd443161589efcfcc7f9d779e349341fec7823b2f21a72479461c1217d78ed517c3ed122b99a7bfb9855c463626e19049e4fe5c0ae7bc549671f89eee3b28d5235c0210606eef5e95ac8fa55cb5f1aa8c5b4a0ba6c6513fca9c307bd309ce29456763e86c3f029b4ea281586f14ee3d29b45031dc52e69945160b0edfcd73bab5b793785d462397e61f5ae83bd53d520f3ac491f7a23b85098d68d1ca6ab686ef4e908fbf0fccbf4ef5e81f00fc4c63b8bbf0cdc4876be6e6d413dff008c0fd0fe06b8e8b1bfa0208c107bd625b5d4de13f17daea301706d26132e3f8a3ee3f11914f667cd67f84b3f6896e7d91430cad55d3ef60d474fb7beb660f05c46b2c6c3b823356ab43e40e4742f07b693e20bbd4dae84a92eef2e30bf77273d6baea613d69dda82ea559557cd27762d14514101451450014514500145145001451450014514500145254534c9021676000f5a8949457349e834ae4b47359c357b52d8c9fae2aec722ba82ac083dc5654b134aa690771b84a3ba25a28a2ba090a28a2800a28a2800ae73c71a49d6fc15abd8a0ccaf6cc63ff7c723f515d1d308cae08c83d41a4f5434ec7ccff05b5516de2a9ec64385bc80a807fbcbcfe7d6be8ad39c342f11fe13fa1af967c536175e00f8993f91b9121b81756c47f1464e7fc457d1ba1ead0dec169a85bb6fb7b98c107d01ff0003c578f88fdce26337b3d19d6d7342e865dc3f67bb923ed9c8a831cd6eeaf06f8d6751965eb8ee2b109c8af8ecdb0bf57c4b5d1ea8ecc3d4e6821b4514eaf2eda9d037d68a7546b2c72676b838eb8a6937b0c75155beda3781e5fc99c6ecd5ba1c1a069adc6d1454771208a32c7a9e82928df705abb152f25cc8147451cd575feb41c9272792726a1d42fe2d274cb9d42620476f1990e7bfa0fc4e057552839c9423bb37d2313c6fe27ea1f6df17b5aa9245a462203fdaea7f535bf616c6d2c20b73d5220a7eb5c4e90b36bde2b37773f39321b8989fae7f9e05778f2a451bcae70aa0b9fc39afbb95354e9c28ae88f9ec5cdce76389f18def9d7f1d8a1cac032c3d58ff0080aec342d3ff00b3f48b5b5c7ef0af9927fbc7fc815c46896dfdb9e295698651a433483d873fe02bd97c25a77f69788e14719543e749ec0741f9e3f2af4a8c2c925d0f7b2b4a8519621f45a1e83671a785fc17be6fbd0c25dfdd8f3fccd78e4b234d3492c8499189624f726bd27e25ea612d2df4c56e656df201fdd1d3f5fe55e70a3e5ade4cf4321a4f9258896f2603b53e9829f507bec29d4536900ea6d145001453aa8cda82437ab6c62625b1f303eb4016fad1ea0f4239acad5ae6686711ac8d147b7208ee6af69f249358c7249f7cf73de9680d697306688db5dc919fe13c551f125b79da7a5da8e623b5bfdd3ffd7ad7d6062fc37aa8cd43b45c59cb6c707cd52bcf63da9b574638ca4ab61da7b9e9ff00023c46753f0a4ba44cf99b4d930993c989b91f91c8af58af957e126b32787fe245adb48c521bdcda4aa7a67a8fd40fcebeabab4ee8fcdab43926d0514514cc828a28a0028a28a0028a28a0028a28a0028a28a0028a28a004ae7b54cdcea0b0e48515d0e2b1f54b775945ca0c91d6bc9cd54dd0d36bebe86f41a52243a4db793800eec75cd43a44c565961272074a85b5991a2f2d50062319ce6ad6936924599a51866e0035c349c278983c2ab25be9a1ac949537cef7d8d7a28a2be90e30a28a4c9a004efc8a31ec2b2a7f106976b71f669af615947552fc8ad4560e0302083d08aa69a338548c9b49dec3e8a28a9343ca7e36f835b5ff000eaeb163117bfd3416200e6487f887e1d7f3ae1be0f78be3f9bc377d2e15ceeb4627bf75fc7ad7d18c0382080411d0d7cc5f153c013f8375cfedbd211d74ab87de853fe5da4eb8f619e47e55cd89c3c6bd37166f46a59d99f45e9f76268fecd37fac51dfb8acfd474e781ccb08cc64e48feed79e7c3ef8810f89e04b2bc9443ad42bc1e9e7e3b8f7f6af51b6d515d3cbb9c2b8ea4f435f3b5e14eac1e1b17a496ccdece0f9a9eabaa30860fd68e454970e8d3c9e58c293c62aa7dae32e106e009da091c1af919d3b49a5adba9e846ed5cb039fc6a1863b7b727f78327d4d32fa4750235382dd48aa54e3a2358536d6e5efb1c3bf782482738cd367bcf2dcaa0048ea4d4569232ca1392a7b7a532e10c739e98639146e34bdeb3d4b50dd860778da40fcea9cf319a4c9e00e8292803348d141277002bc9be28789c5dcc342b4933140dbae181fbd2765fc3f9d743e3cf1cc7a2c12699a7c81b51618771d211fe3fcabcebc35a33df5cfdbaeb2d0a36464ff00ac6ff015f5593e5fecbfda6b2b7647062f1092691bbe1ad28e9fa68965189ee3e67cf61d87f5a9b5f94c5e1fbc71d4a85e3dce2b50f3c550d62033e8b79128cb797903e9cd7a709b955e6678d7bbbb31fe1fc09e7dfdc9fbea8235f6cfff00aabdafc0b7fa7d8adc9b8992298e3ef1c6547ff5f35e1be04bc0ba8cf664ff00af4ca7d47ff5abbb6dc7e4af5e9bb1f6386c347158354d3b772e788b551acf886e2e9093164471e7fba3fc7ad66ff153820068c0ce2abadcf728525469aa71d920a752e293141b0da752e2931482e368a762b3750bb9a0b810c65231b77179075a016ba1a159d3ea76d0ca40432b2f71daa49ae247d1ccf8db2320ce3b66b9daa8ab95157dce860d46dae8889d36b13c0906734cd56ea4b78d228ced66e491dab06b5efe68a6d32d9dcffa491918f4e873435661649a328b331259893ea4e6a68b20d57c55d8a2c807d39a73d8753489caea133e9fe2c8ee6225648a78e504763906becb8a4f3218dffbca0e3eb5f1bc76cfaef8d6d6d22e5ae2ed621f4cff00857d968a11028e806052a7b1f9b660d3aceddc7d14515471051451400514668a0028a28a0028a28a0028a28a0028a28a00282334514b7023f2630721173eb8a93145152a118ec8028a28ab00a63e7071d71c53e8c50291e17790cb06a1716f751b79fe69c82325b27f5cd7aef86e19a0f0f5945720895621907a8ab938b7894cf388c2c60b19187dd03deb8a93e32781a291a33ac13b4e32b0b91fcab7ab88734a2fa1e760b2efab5494d3bdcf40a2b94f0ffc44f0c789af8d8e97a9acb7582cb1152acc07a67ad7457b7b6da759cd797732c36d0a969246380a05607a459aa7a869d69aad8cd657d02cf6d32ed9237190457127e34f814395fed66e3b881f07f4a7ff00c2e8f027fd064ffdf893fc29683b33c6fc7bf0bf53f05ddb6ada41967d295b7acc9feb2dff00dec761fdeadcf097c5d8a58e2b2f1264c80616f54673fef0fea2bd125f8c9e03910c726a85d5860a9b7620fe95e4be2db4f873aacb2df787758fecfb93f31b668184321f6feeff002ae3c5e169622369ab9d5466d3b347b3c177677902dc5b4d1cb0b0f9648ce41a885a4492871365739084f15f37e95e22d474397ccb0be92039e510e54fd477aedf4ff8bf2ae06a9a647300399203b4fe46be5abe43562ef45dd1e829a5bb3d62fd41db202a70306aa6c3e95c941f15bc2d301e6bddc0c7aac90e71f9559ff8597e12ff009ff93fefc9cd79cf2ac52767066f0ab14ad73a5008208e08a7794e4924924d71f3fc56f0bc20989eee73e822db9fceb9cd4be305c36534cb08a01d9e53e637e5d2b7a592e224f556f5075e2b53d3e7961b181ee2ea548615eaf21c015e67e2bf89de624b65e1ec81d1aec8c13fee8feb5c26a9e20d475a93cdd42f64b839c8563c0fa0aad6d7296b70261143295fe098641af6f059352a0f9aa6aff039eae21b5a1ada278727d524fb6df1616ec77124fcd2ff00f5bdebb6485228d2344558d4602018c57350f8ed38173623a63744f8c7e06aec5e33d1e4ff0059f6988fbc79fe55e8548d493db43c9aaaa49dd9b3b28d9ea0608acdff0084b3433ff2f320ff00b6468ff84b343ff9fa6ffbf46b2f632ec64a325d0e42fed6e3c3daf89a2f942c9e6c2fd88f4fe95dd5b7882c2fed05c2332311f3a019da6b1356d7bc3daa599b79669b775574873b4fe3dab92b6bf6b39c4b6f2e1875cf46fad77d36edaa3dfcb31af0eed25a33d37fb5acbfe7a37fdfb34dfed5b3fefc9ff7ecd7276fe27b19401730989fbb20c83560eb5a576b83ff007ecd6a9a3eaa9e370f257e63a5fed6b3ff009e8dff007c9a6ff6b59ffcf46ffbe4d735fdb5a5ff00cfc0ff00be0d1fdb5a5ffcf7ff00c70d55d1a7d670ff00ce8e9ffb5acffe7a37fdf268fed6b3ff009e8dff007c9ae63fb6b4bff9efff008e1a3fb6b4bff9efff008e1a7742fac61ff991d3ff006b59ff00cf46ff00be6a39750d3a6c79a03e3a663e95ceff006de95ff3dfff001c349fdb5a67fcfcff00e3868ba0face1ff991d14da8d84d0343bc85230004e958257d3a76a8bfb674bff9f9ff00c70d1fdb3a677b91ff007c1aa5348d218bc3afb689314b83fe150ff6b697ff003f5ff8e1a06b5a50e4ce48f40a69f3a34fae6197db45a54690e00cd45abdf8d3ec4c2a7f7f28c01fdd1eb54ee3c4d160a5847b73c79b275fc0553d363d32ff0056886b3a835a599f9e69821918fb0c773594a77d0f1332cde2e0e14b5f33d07e05783deff5793c4f7519fb35ae63b5247de94f53f80fd4d7d135e63a4fc54f879a469b069f637e60b68176c6a207e3f4aeeb46d734ef10e9b1ea1a5dd2dc5b48481227a8ea3d8d68b447c5d46dbbb3528ae7bc47e33d07c28b17f6cdfa5b34b9f2d76962c07b0aabe1ff00887e18f13de1b2d2f53596e429611152ac40eb8cf5a2e4599d5563ebbaadc6956f1c9069f3de166da561fe1f73ed5af9c0e690a075e6a934999544dc5a4f53cf3c15afdf1df6af6b7978b2dc9cdc67221cf624fa57a28accd1f45b4d16de586cc305925694ef39e4ff004ad3cd39b527748cf0d4e74e0a337762d1451527405145140051451400514514005145140051451400514514005145140156fece2d42c2e2ca5cf953c6636c7a118af1697f674b6f34f93e2194444f46b604ff003af73a2934869b4796f82fe0d59784b5f8b593aa4d77344084431051c8c66bbed7b46b7f10e8779a4dc9610ddc663764ea2b4c900127a0ac2bcf1978674f731dd78834d8641d51ee9323f0cd16b036dbb9e5327ece70e4f93e22900cf47b607fad43ff000ce23fe8636ffc05ff00ebd7b469baee91abe7fb3753b3bcc0e7ecf32c98fcab4a8b21f3b3c1ff00e19cbfea633ff80bff00d7a77fc33aff00d4c8dff80bff00d7af75a28e543f692ee7847fc33a1ffa190ffe037ff5e93fe19cdffe8653ff0080bffd7af79a2972a1fb59773c1bfe19c7d7c487ff0001bffaf4bff0ce23fe8647ff00c06ffebd7bc514ec85ed25dcf06ff8671ffa990ffe037ff5e93fe19c4ffd0c7ff92bff00d7af7ae68e68e543f6b2ee7837fc339bf6f12ffe4aff00f5e8ff0086757ffa1907fe02ff00f5ebde79af3ef883f1374df01882de5b66bdbf9d7cc4b78db6ed4e9b9cf605b8ef9c1a39107b5977388ff86747ff00a193ff00257ffaf47fc33a39ff009994ff00e037ff005ebd0fe1e7c41b4f1f69d733456ed6b756cc166859b70191c107b8383f9576b472a0f6b2ee783ffc33a9ff00a191bff01bff00af47fc33b3ff00d0c7ff0092bffd7af78a28e544fb467837fc33abff00d0cbff0092bffd7a3fe19cdffe8621ff0080bffd7af79e6931472a295592ea783ffc33a1ff00a18fff00257ffaf47fc33a37fd0c9ff92bff00d7af79a297221fb6a9dcf06ff86723ff004327fe4aff00f6747fc33a1ffa193ff257ff00af5ef3451ca83db4fb9e0dff000ce8ff00f4327fe4afff005e8ff86746ff00a193ff00257ffaf5ef3451ca83db54ee7837fc33a37fd0c9ff0092bffd7a3fe19c9bfe864ffc95ff00ecebde68a39507b69f73c1bfe19d0ffd0c9ff92bff00d7a3fe19d0ff00d0c9ff0092bffd7af78a29f2a0f6b3ee783ffc339ffd4c7ff92dff00d7a3fe19cffea63ffc96ff00ebd7b4ea5a9c1a6c4924cacdbced508324d334dd66df518659230cbe51c38718c56778ded7d46a755ae6e878d0fd9d48ff009993ff0025bffaf4e1fb3b9efe243ff80dff00d7af513e33d3ce7114e4763b3ad1ff0009958ffcf19ff2158bc4504ecd9bfb2c4b5b33cb47ecec33cf895f1ed6dffd7af50f057846d7c17a08d2ed6e24b85329964964182cc7af03a7414eff0084cac7fe78cdf90a77fc26165ff3c66fc8552c4d05f6910f0d887bc5989e3df86565e3ab9b5bb9afe6b3b8b78cc6ad1a060c09cf20d667833e0dd8f84fc411eb0355b8bb9a252b1a346100c8c1cfad759ff09958ff00cf19bf2147fc26363ff3c67fc851f5aa3fcc2fab574adcace8f3467deb9cff0084c2cbfe78cff90a3fe132b2ff009e337e428fadd1fe617d52b7f2b3a4fc68ae6ffe132b2ff9e337e428ff0084cacbfe784ff90a3eb547f9907d4eb7f2b3a5a426b9bff84c2cff00e78cdf90ab367e26b2bdb94b75595247fbbb8706aa388a72764c52c3568abb89b945028adcc028a28a0028a28a0028a28a0028a28a0028a28a0028a28a002b90f1af8fb47f02e9cb2dfca65bb707c8b443fbc97fc07b9fd4d33c7fe3cb2f03682f772e26bd9731da5b67991fd4ff00b23b9fc3ad7c93ab6aba8f893579750d4677b9bdb87ea7927d140f4ec00a00e93c59f12fc4be3299d2e6edadeccb616cad4948ff001eec7eb9fa0ae8bc25f01f5dd7204bcd6251a55ab8cac6e9ba661feeff000fe3cfb57a0fc2af84d1787a0835cd7e05935861ba1858645a8edff6d3dfb7415ec3401e26dfb3d59d946b3e8fe24d42db508f949980c03ff01c11f9d5af07fc40d6b45f140f04f8eb61be242db5f86e25cfddc9ee0f66e0e782335ec55f3dfed1d1adbea9e1dbe88edbaf2e55dc3a808548fd58d007d094564f86b513acf85f4ad4df96bab48a63f52a09fd6b5a800a28a2800a28a2800a2a19e68eda09279582471297763d80e4d7906b3f1dedae58d9783b48bcd56f9b846784851efb47cc7f4a00ee7c71e37d3bc15a1497d76e24b8932b6b6c1f0d33ff00403b9edf5af92754d4f54f18788a5bcb8f36eb51bd9000b182493d02a0f4c60015ea169f0a7c73e3bd5ceafe2dba3622439266f9a5dbe8918e107b1c7d0d7b1f847e1cf87bc1b186d3ed37de15dad7738dd29fa1fe11ec314018df087c092f837c3723ea000d4efcac9328e7cb03eea7d46493ee7dabd228a2800a28a2800a28a2800a28a2800a28a2800aa57dab586968af7f7d6d6aadc299e511e7f3aba7a57c97f1a2db578fe235f4fa92c86d9d80b37232862c745fa1ce47ae6803eaf8668ee224961757471956539047b1a96bc73f67eb5d62dbc2d7ed7c93269f24cad66b2023b7cecb9ec78f6c835ec74005145140156f2c6defe2f2ee62122839c1a6d9e9f6b61098ada158d58e481deae5151657bd87776b18e7c35a4b124d9ae4f3c1349ff08c691ff3e83f335b147e153ec61d917edeaafb4cc7ff00846749ff009f41f99a3fe119d27fe7d47fdf46b628c54fb0a7d907b7abfcccc7ff00846749ff009f51ff007d1a5ff846b4aff9f41f99ad7c518a3d852ec83dbd5fe6663ffc233a4ffcfa0fccd2ff00c235a57fcfa0fccd6bd18a3d853ec83dbd5fe6663ffc233a4ffcfa0fccd1ff0008ce93ff003e83f335b18a3147b0a5d907b7abfcccc7ff00846b49ff009f51f99a9edf45d3ad6613436a8241d1bd2b43f2a31f4ab54a09dd213ad36acdb1c28a28ad080a28a2800a28a2800a28a2800a28a2800a28a2800aa9a95fdb695a75c5fde4a23b6b7432cae7b01cd5baf0cfda0fc5c6dac2dbc2d6cf87b9c4f75b4f4407e45fc4827f01401e3de39f16ddf8d3c4d73aa5c174849f2ede127fd5443a0faf73ee6bd53e077c380c22f176ad0e79ff00897c2e3ff229fe43f3f4af3af869e0b7f1b78b21b7955869d6d89af1c7f73b2fd58f1f99afafa0863b6823860458e28d42aa28e140e3028027a28a280035f2cfc7ed6d751f1f269f13e63d3adc4471ff003d1be63fa151f857d27af6ad6da0e8779aaddb1105a44656e7ae3a0fa9381f8d7c73a7db5df8e3c770c7292d73aadee6523b6e6cb1fa019fca803eb7f025abd9f80740b79789134f8770f43b05745514312431ac518023501540ec0566f88b5fb2f0ce8775abea12f976f6eb9207563d947b93c5006bd15f3c69dfb43ea72f88625bbd1ed134b9640a5622cd2a027ae73827db02be87ed400515e65f137e2a45e05920b1b2822bcd5255f30c72390b0a76271c927d3f1a93e187c4e3e3d4bbb6b8b21697f68a19c46c4a3a9e3233d0e7b1cfd6803d24804608c8f7aab67a759e9f1b259da416ca4e48863080fe556abc43c51f1f62d2b5d974fd2b4a8efa0b690a4b3c93edf31875d981d3b64f5f4a00f6fc5158be19f105b78a3c3965ad5b46c90dd47b82c9d5482411f81079adaa0028af1bf1e7c6f8fc31afcba4e916315fc96c76dccb2484207fee8c75c773ebc5773e03f1943e37f0da6af15b98241218a584b676b8c6707b8c106803aba2bcd7c53f16ecf49d50689a158cbae6b25b63436df7233dc123393ec3a7722b89d5fe35f8d7c37a9c76dae7866cad37a8916162c19973d43648ec45007d0145721e06f1de9de3ad25ef2c8490cb0109716ce726327a73dc1e79f6ed5bbab6b5a7681a74b7fa9ddc56b6d175790fe83d4fb0a00d2a2bc725f8a1e2ef144929f027854dc59c59ff004dbd180f8f419033ed927d8545e06f8d375a9f8897c3be26d3e1b2bd798c292c594024dd8f2d90f439e339ebda803da28a28a002a39218e5501d158039c30cd79c7c48f8b16de06b982c2dad05f6a12c7bde36936ac4bdb3ee79e3daaefc36f88f17c41b2bb26c4daddd99413207dca4367041fc0f06803bd00018030052d1450014579af8dbe31e85e13b996c2dc3ea5a927de861701223e8cdebec327e95e64bf1c7c77ae6a2b6da369969bcfdd82ded9a663faff85007d2f45790f863e2a6af06b769a278df446d26e6f0edb6baf29a38ddbd086cf5381907a9e40af5ea0028a2b92f17fc42d07c1706755b9dd72c37476908dd2b7e1d87b9c50075b457ce7a9fed0fad5ddcf95a1e876d086384fb41699dbf05c73edcd6c43f13be2468b68ba9f88bc201b4be0bc91c2d13a0f53c9c7e207d6803dd28ae1f5df895a3695e038bc536eeb710dca8169096dad2487f84fa63073e98ae1bc05f1bb50f1178aedf48d5f4eb58a2bc7290cb6db8146ec0824e41c633c5007b8d14514005145140051451400514514005145140051451400514514005145140051451400c7711a17721540c927b57c4fe35d7dfc53e31d4f562cc52798f920f68c70a3f202beadf899a99d23e1c6bd771b6d7fb318948ea0c9f2ffecd9af95bc15e16d4bc5fae1b0d29d22b88616b812392146de9cf6c9205007d39f0abc203c23e0bb68268f6dfdd813dd92390c4709ff01181f5cd7775e65f0ebc7b7fa8ea13784fc57035a7892cfd4002e140ea31c671cf1c11c8af4d073400514564f88f5db4f0de8179ac5ebe20b58cb919c163d947b9381f8d0078efed09e2d11db5b7852d5fe7948b8bbc1e8bfc0bf89e7f01547f67af08992f2ebc55751feee206ded323ab9fbedf80e3f135e636f0eabf11fc79b73befb529cb39c711af73f4551fa57d83a068d69e1fd12d349b25d96d69188d3dfd49f72727f1a00d2271d7a7ad7ca5f187e209f16ebc74fb0949d1ac5888ca9e2793a17fa761edcf7af56f8dde373e1df0dae8f652edd435352a483cc70f463f53d3f3af03f02f84aebc69e26b6d2a0dcb0ffacb8980ff005510ea7ebd87b9a00ef7e08fc3dfedcd493c4ba9c59d3ed24ff468d87fae9477fa2fea7e86be88d5753b6d1b4abad46f5c25b5b219246f61fd68d334bb5d234eb7d3ec6210dadbc6238e31d80febef5e1bfb4078d77345e12b2978189af883f8a27f5fca803c6fc4daf5d7897c477dac5d6ef32ea42e173f717a2afd00007e15f4efc1df06ff00c22be1049ee23d9a8ea389a7c8e517f853f0073f526bc3fe0f7833fe12bf18c52dc47bb4dd3889ee323863fc09f8919fa035f5c74a00e0fe2bf8b47847c117534326dbebacdbdae0f2188e5bf0193f5c57cade1ad06ebc4de22b1d1ed33e6dd48109c6762f5663ec064fe15da7c6bf161f1178da5b3b793363a66608f078693fe5a37e7c7e15e87f007c19f63d265f145dc789ef3315ae47dd881e5bf1231f41ef401ebfa4e9b6da36936ba759c7b2deda31146bec3fce6aaf8a3598fc3be19d4b5791940b481a419eeffc23f1240fc6b66bc53f686f10fd93c3b61a0c6ffbcbd97ce940ff009e69d3f3620ffc06803e7bb782f35cd5a28220d3dede4db54777918ff526bdf750bcbbd12c6c3e177811bccd5767fc4c2f9381067990e7b139ebd8600e7a7977821e5d115f58b5b7371ad5c39b2d1e10b93e6b0c34b8ff00641007bb7b1afa3be1e78221f06e8e7ce227d62ecf9b7d74e725d8f3807d064fd4e4d004de09f02e97e06d2d60b38c4b79201f69bc65f9e53fd07b7f335e15fb40eaf1dff8f61b18c83f60b558e420ff00137ce7f42b5f48ebdabdbe81a25e6ab76db60b488cadcf5c741f52703f1af89756d4e7d6756bbd4ae9b74f752b4b21f7273f95007ad7c0fd4ed3c2fa2f89bc47aa4de5584421847abbfcc7681dcf23f3ae8b43f0deaff16b578bc4be2c125bf87a33bac34c048f317d4fb7fb5d5bb605617c28f01dc78b6c2c6f75b8caf876c64692dad0f02ee63f79dbd40c01ef8c7ad7d16a8b12055002818000e94019b7975a7786f4196ea5096ba7d8c25b646800451d801f962be3eb6bbbbf127c4682f914add5fea8b2803f859a5c8fcbfa57a57c76f1efdbefbfe112d3a5cdbdbbeebe61d1a41d13e8bd4fbfd2b2fe02f855f55f16b6bb3479b3d307ca4f46998600fc0127f2a00fa82a9ea5a8db695a65d6a376e23b7b68ccb2b7a0033572bc43f682f170b4d26dbc316b28f3eec89ae80eab10fba0fd5b9ff80d00785f8935cbaf147896fb57b80c65bc98b04ebb474551f41815f547c2bf070f07783a0b79900d42eb13dd9ee188e13fe0238fae6bc3be09f843fe123f1826a1751eeb0d2f1336470d2ff02fe609fc3debeaca002bc53e32fc519344593c37a1cc535075ff004ab853cc0a7f857fda239cf607d4f1e91e34f1245e13f0a5f6b126d2d047fb9527ef487851f991f866be371fda1e23d740f9eeb50bfb8efd5e473fe2680373c0fe08d4bc71af2da5b031c0986baba65dc224fea4f61dfe95f56785fc1fa3f8434d5b4d22d563e0799337324c7d59bbfd3a0ec2a2f02f84ad7c19e1ab6d32008f363ccb9980e6594f53f4ec3d85717f18be24ea7e0d169a6e8f0ac7717713b9ba9173b0671851d33f5e9c7140181f1ef5a82fb55d0bc3963897508a7133ece4c65b0117ea7ae3d857bc461844aae72c00c9f7af9c3e0c7832f3c43e253e2fd63cc92dada5324524d92d713ff7f27a85eb9f5c7bd7d173cf15adbc9713c8238a252f2313c281c93401c6fc4af1ddb781b4069d024baa5d652d213dcf763fec8e3ebc0af936f2ef51d7b5679ee1a5bcbfbb7e4fde69189e83f3c6056d78f3c5b378cfc5d77a9b33fd9f3e5dac67f8221d3f13d7ea6bd4be03fc3ec95f17ea70f0094d3e371f8197fa0fc4fa500763f0c3e175af846c63d43528a39f5c9572ce4645b03fc2befea7f0e95e8f3c514f0490ce8af0ba957461c107ae7daa7af3df8c3e2b1e18f02dcac5205bdbfcdac183c8cfde6fc173f891401f2cead7521964d2e2ba7974eb3b998daaeef94027923ea1457b6fc04f0208d0f8bafe2f9db2960ac3a0e8d27e3c81f8d7907827c31378bbc5763a3c79092b66671fc118e58fe5fa915f68d95a5be9f6505a5ac4b15bc08238d00fbaa3802802cd1597acebfa5f87acc5deaf7d0d9c05b68694f53e83d6afc52a4d1ac91b068d8065607820d004b45145001451450014514500145145001451450014514500145145001451450079afc76623e16df01d0cf083ff007d8ae33f66dd346cd775465f9b315ba1fcd8ff00ecb5e8df1774c6d57e17eb5146a59e2884e00ffa66c18fe80d719fb384a87c27ac4608deb7c188f6283fc0d006d7c5ef0c4b75a645e2cd1f316b7a2913acb1f064887247be3afd323bd759e09f1441e30f0b59eb11615a51b668c1ff005720e187e7cfd08adf96249a268e440c8e0ab29ee0f5af04f86da91f01fc54d63c1375215b2b9b922d771fbafd63ff00be9081f502803e80af9a3e3af8e9759d597c37a7cdbacec5b37050f12cde9efb791f527d2bd1be2e7c498fc23a63e99a7cc0eb574984dbff002ee87ac87dfd07e35c0fc1cf8672eaf790f8ab5c84fd8e36f32d21957fd7b7fcf439fe1079f73edd403b8f831f0fff00e117d13fb6351880d5afd070473045d42fd4f04fe02bd46e6786d2de5b89e411c312191d8f4503926a6af2cf8efe207d1fc04d630b309b53944191da31cb7e7803f1a00f9efc6be249fc63e2fbed51b7149a4d96f1f5db18e107d71fa935f4bfc29f032f82fc2ca2e631fdab79896edc8fbbe89f80fd49af19f819e105f1078b4eab771eeb2d2f1200470d31fba3f0c13f80afa76eaee0b1b496eae655860890b4924870140ee680307c79e2cb6f06f85aeb5497634c3f776d1138f3253d07d3b9f606be34bebeb9d4f509ef6ee569ae6790c92bb1e598f5af5bf1fea73f8e34bd4bc5974b2c3e1db16fb1e8f0b7cbf69998e0ca7d8004fe007ad72ff08fc2ff00f093f8f6ce3963dd6767fe973fa10a781f8b607d33401f43fc2cf0a0f09f81ecada58f6df5c8fb45d1239deddbf0181f81aa7f173c70be11f09c91db4a1755be062b600f283f89ff0001fa915d6f88b5eb1f0c68b71ab6a3288eda0193eac7b28f524d7c8fe3ad575bf11ea51788f5653145a887fb1c24f090a9c0c0f4ce79ee41340147c23e1db8f1678aac34788b7fa43e6593aec8c72cdf80cfe35f6a5959c1a7d8dbda5ac623b782358e241d940c015e25fb3bf86445a7dff89678ff00793b7d96dc9fee0e5cfe2703f0af69d4350b3d274f9afafa7482da05dd24ae70147f9ed4015b5fd6ec7c39a35ceaba94c22b5b65dce7bb1ec07a9278c7bd7c71e2ef12ddf8bbc4775ac5e120cadb5230d911463a28fa0fcce4d7ac6ad7d79f14e5d435ebb496dbc13a1472cb1447837922827f33c7fba0e07249ae0be177835bc6be308a19d4ff0067db7efeec8e8573c27fc08f1f4cd007aa7c0ff033c1670f8ab558ff007f226cd3a261feaa2eeff56c9fc093debdbaa38a2486358e350b1a8c2aa8c002a43d0d007847ed0fe27686cec3c336f2733ffa55ce0ff00e107e2727f015e6ff000c3e1fcbe38d757ed2244d26d486ba95472de9183ea7f41cd47e2692f7e22fc53bb4d3d4cd25e5d7916e0f411af00fb0c0cfe75f51784bc3167e11f0e5ae8f66bb9621ba4948e6590fde73fe7a605006cdada5bd8da456b6b1243042a1238d060281d00ae3be28f8d17c17e129ae21917fb46e8986d149e8dddfe8a39fae077aee6be4df8d9afc9ad7c45bbb55726df4c516b1a83dfab9faee38fc0500713a5e99a878935bb7b0b30d3dede4bb4163d49e4927f324d7d91e11f0c59f84bc3569a3dae08847ef242399643f798fd4fe9815e7ff0004bc00ba168e9e20d421c6a37e998438e6184f4fa16e0fd303d6bd1bc45e24d33c2ba4cba96ab7221813a0eace7fbaa3b9a00a5e35f1759f82fc3f36a974cad27ddb7b7dd83349d87d3b93d80af8f757d52f75fd5ee352bd95a6bbba937b103a93d87b0e062bd53c636daaf8a3c37a978f7c4c8f6b668a20d1b4d248dbbd80f30fe193ee40ec00ae7fe0b78647887c7f6f3cf1eeb4d357ed3202382c3ee0ff00beb9fc2803e84f86be125f07f82ecec1d00bc9079f747fe9ab751f80c0fc2bae621412480073934eedefef5e31e35f17dff8df5a6f01f831b7191b66a3a8293e5c69fc4a08ec3a13dfa0a00f3bf8c7f10478b75e1a769b316d26c588460789a4e85fe83a0fc4f7ad4fd9f7c37fda1e27bad7674dd169b1848b3ff3d64e33f8286fcc552f8c1e09b2f06d8f8760d3a326030cb1cb311f34b2820966f739e9d80c57a1fece8918f03ea120c79afa81ddf411a63fad007b1567ea9a2697adc0b0ea9a7dadec4a772a5c442400fb66b428a00821862b686382189228906d448d30147b01d05785fc73f8881124f08e9730dcdff210950f41ff003cbebdcfe5eb5da7c44f1f4ba22a7877c3c8d79e26bef9218625dc6007f8cfbf700fd4f1d7ca7e22fc3fff008443e1de99753bfda755b8bedd7f75d4966424283e8083cf7249a00e1bc0de1697c61e2fb1d210b085db7dc38fe08872c7ebdbea457d9b676b058da43696d12c5042a238e351c2a8e00af0cfd9bf4b8cc3adeaccbfbddd1daa1f41f78ffecbf957be50019c57c87f17bc627c5de3497ecd26ed3ac336d6d83c360fccff0089fd00af6ff8b7e2f9b4fd3e1f0c6884cbaf6b1fb98e38cfcd1467827d89e83f13dabe5d8b4cb89b598f4b451f6979c5b803bb6edbfce803e85fd9f3c302cbc3f71e239d3fd22f98c50923a44a79fcdb3ff7c8af649e68ede179a6709146a59d98f0a0739aa5a26976fa268765a5db0022b4856253eb818cfd4f5fc6bcabe22f896fbc5fae27c3bf0bb6e9e66ff8995c2fdd8d4755cfa0eff80eb91401970432fc6af88ed7b2ee1e14d1db6c687a4c73fcdf193e8a00eb5ef291ac6815142a018000e958de18f0e58785340b6d22c23c4308e59873239eae7dcfff005ab72800a28a2800a28a2800a28a2800a28a2800a28a2800a28a2800a28a2800a28a280229a08ee61786550d13a957523a835f3e58adefc0ef1ddd3dcdb4f71e16d4be513a0ced00fcb9ff006972463b83915f44541716f0ddc0d0dc451cd1370d1c8a194fd41a00e66d7e257832e6d16e53c4ba72a63eec92846ffbe4f35f3c7c5df10e8bad78e61d5fc397ad2c89120965542a048878209ebc639f6afa126f85de08b994cb2786acb7939fdda951f9038acbf19fc32d1b52f04dee9ba3693656576079d6ed0c4109917b138e84647e3401e61f0abc0b6be3cbdb9f14788f505d40c771fbdb42d9777ea0cbfecfa01d718e9c57d1f1c49146a91a854030a00e00af8bfc23e29d57c05e233796ca7287cabab593204801e54fa107bf635f567847c73a2f8d2c167d2ae97ce0332dac8712c47dc7f5191401d4578ffed05a1dcea5e12b3d46d90c834f9cb4ca07223618ddf4040fcebd8298e8b2214700a918208e0d00786fc29f1a783fc27f0dd45fea90c37ad3cb2dc42a09918e7030075f942fb5491cfaf7c69d45636867d27c1503869327125e11db3dff000c81ea4e2bd197e1b78316f3ed83c37a7f9c4eee62cae7fdde9fa574f14490a2c7128445180aa3005007997c62f0f2b7c2892d74bb711c1a6bc72ac518c05897838fa039fc0d703f073c51e17f06f86356d4f56d4238efa79820b641ba568d07181ee5cfb715f463a2c8851802a460823835ccdafc3bf07d9ea06f60f0e5825c6edc1bcac807d81e07e1401e7365a06b7f17f5ab7d6fc450cba7f85eddb759e9e58869fdcfd7fbde9c0f5acefda17c3cf15b689aa5a4016ceda3368c1170231c14fa0ea2be801c556bbb3b7bfb492d6ee08a78251b5e295772b0f706803c93c23f12bc1de11f869a45bcba8896ea1b6f9ad2052d29909248f41c93c9c5574d03c53f16afe2bdf11acba3785a36df069ea712ce3b13f5f53f80ef5e8ba5f803c27a35d0b9b1f0fd943383912795b8afd09e9f8574f401e69f16fecbe1df83f7d63610a410308ad6289060282e33fa034df81fe1b5d13c016f7b220175a9b7da5cf7f2fa463e98e7f1aef755d234fd72c5ac753b48aeed588262946412391566de08eda08e1851638a350888a30140e001ed4013d6278b2eae6cfc23abdc5a46f25ca5a4a6254193bb69c62b6e8a00f19f80fe0c3a568d3f88afad8a5e5e1296fe6260ac23bf3d371fd00af66a28a002be53bbd274e8be3f5ddb789a64b7d3cea325cc8d39c2ba1cc8809f43c0fc715f56573baf7827c3be2868e4d674982ea48c611ce55c0f4c8c1c7b50072dab7c60d1d661a6f86209f5fd564188a0b443e58f72fe9f4cfe14cd17e1fea7ad6af1788fc7d7297b7a9ff1eda62736f6c3e9fc47fc926bb9d1bc3da3f87e030693a65b59c67a886300b7d4f53f8d6ad0070bf16f439f5df871a95ada465ee62d93c68a396da7240f7db9af2af81be28f0df86349d6a5d635282cee66963da24072c801e98ebc93c57d1e6b959be1e7846e3527bf97c3d6125d39cb3345c13ebb7a67df1401c0eabe27f127c5391b4af06433e9fa1b7c975ac4e0c7e60eea9dff0001c9ef815e83e0df06695e0ad216c74d8c976e66b8907cf337a9f6f6ed5d1430456f0a45046b1c6830aaa3000f6152d00729e3cf07c1e34f0bcfa54ceb14c0f9b6d315cf9720e9f87241f635e31f0e3c4373f0abc4d7de1ff16dbc965697643099972b1b8e03823aa1071919c607bd7d2554b52d26c356b636fa8d8dbde427fe59cf10907eb4018b37c42f07dbc02793c4da5ec3fddb9563f90e6b8fbff88bacf8bddf4cf879a6cd36ef964d62ea331c10ff00bb9ea7ebf91aeae0f869e0bb69c4d1f8674ef301c8dd16e03f03c574f0c11410ac5122c71a8c2a20c003e9401c77827e1f597854497d3cad7fae5cf373a84dcb127a85cf41fa9ef5a5e35f0cc3e2ff0009df68f210af3266190ff0483953f4cfe84d74945007ce9f093c403c01e22d5bc2be282ba7199c3a4931da8920e3af4c30c107a715dff8b7e3068fa4c22cb4074d6f5998ec860b5fde2063d32475fa0e4fb5761aff0084b42f13c61358d2e0bc2a308f20c32fd18722a1d0bc13e1bf0cb19346d1edad65231e6805e4ff00be9b271401c8fc37f00df585fcde2ef1548d71e22bd24e18e7ecea7b7a671c71c01c0af31bad0ed7c13f1f6d64d56416fa4b5d9bc8679785da41239f66e3f0afa7ab2b5af0f691e21b6106afa7417b129ca8953254fb1ea3f0a00f35f127c4dbaf10dc9f0e7c3b492ff50986d9750404456ea7a904f7ff0068f03b64d759e02f0158f81f4828aff68d42e06ebbbb3d646f419e8a3f5ea6ba1d2745d2f43b4fb2e9561059c1d7641184c9f7f53f5ad2a0028a28a0028a28a0028a28a0028a28a0028a28a0028a28a0028a28a0028a28a0028a28a0028a28a0028a28a00f14f8abf0824d7e793c41a0aa0d45866e6d48da273fdf53d9bd8f5faf5f9fe7b7d5340d4b64d15de9f7b11e8418a45fa77afbaea86a3a369bac41e4ea5616b7910e8b7110907eb401e47f03fc73e20f11dc6a1a5ead33dec56d0ac91dcc83e6539c6d2ddf3d79e783d6bdaea8699a469da2db9b7d32c2dace127718ede20809f5c0abf40051451400514514005145140051451400514514005145140051451400514514005145140051451400514514005145140051451400514514005145140051451400514514005145140051451400514514005145140051451400514514005145140051451400514514005145140051451400514514005145140051451400514514005145140051451400514514005145140051451400514514005145140051451400514514005145140051451400514514005145140051451400514514005145140051451400514514005145140051451400514514005145140051451400514514005145140051451400514514005145140051451400514514005145140051451400514514005145140051451400514514005145140051451400514514005145140051451400514514005145140051451400514514005145140051451400514514005145140051451400514514005145140051451400514514005145140051451400514514005145140051451400514514005145140051451400514514005145140051451400514514005145140051451400514514005145140051451400514514005145140051451400514514005145140051451400514514005145140051451400514514005145140051451400514514005145140051451400514514005145140051451400514514005145140051451400514514005145140051451400514514005145140051451400514514005145140051451400514514005145140051451400514514005145140051451400514514005145140051451400514514005145140051451400514514005145140051451400514514005145140051451400514514005145140051451400514514005145140051451400514514005145140051451400514514005145140051451400514514005145140051451400514514005145140051451400514514005145140051451400514514005145140051451400514514005145140051451400514514005145140051451400514514005145140051451400514514005145140051451400514514005145140051451400514514005145140051451400514514005145140051451400514514005145140051451400514514005145140051451400514514005145140051451400514514005145140051451400514514005145140051451400514514005145140051451400514514005145140051451400514514005145140051451400514514005145140051451400514514005145140051451400514514005145140051451400514514005145140051451400514514005145140051451400514514005145140051451400514514005145140051451400514514005145140051451400514514005145140051451400514514005145140051451400514514005145140051451400514514005145140051451400514514005145140051451400514514005145140051451400514514005145140051451400514514005145140051451400514514005145140051451400514514005145140051451400514514005145140051451400514514005145140051451400514514005145140051451400514514005145140051451400514514005145140051451400514514005145140051451401ffd9, 'test', 'test', '(23) 23232-3232', 'test@gmail.com', 'asgyfdcasvddam');
INSERT INTO `Usuarios` (`usuario_id`, `tema`, `imagemPerfil`, `login`, `senha`, `telefone`, `email`, `bio`) VALUES
(11, NULL, 0xffd8ffe000104a46494600010200000100010000ffdb004300080606070605080707070909080a0c140d0c0b0b0c1912130f141d1a1f1e1d1a1c1c20242e2720222c231c1c2837292c30313434341f27393d38323c2e333432ffdb0043010909090c0b0c180d0d1832211c213232323232323232323232323232323232323232323232323232323232323232323232323232323232323232323232323232ffc000110802c601da03012200021101031101ffc4001f0000010501010101010100000000000000000102030405060708090a0bffc400b5100002010303020403050504040000017d01020300041105122131410613516107227114328191a1082342b1c11552d1f02433627282090a161718191a25262728292a3435363738393a434445464748494a535455565758595a636465666768696a737475767778797a838485868788898a92939495969798999aa2a3a4a5a6a7a8a9aab2b3b4b5b6b7b8b9bac2c3c4c5c6c7c8c9cad2d3d4d5d6d7d8d9dae1e2e3e4e5e6e7e8e9eaf1f2f3f4f5f6f7f8f9faffc4001f0100030101010101010101010000000000000102030405060708090a0bffc400b51100020102040403040705040400010277000102031104052131061241510761711322328108144291a1b1c109233352f0156272d10a162434e125f11718191a262728292a35363738393a434445464748494a535455565758595a636465666768696a737475767778797a82838485868788898a92939495969798999aa2a3a4a5a6a7a8a9aab2b3b4b5b6b7b8b9bac2c3c4c5c6c7c8c9cad2d3d4d5d6d7d8d9dae2e3e4e5e6e7e8e9eaf2f3f4f5f6f7f8f9faffda000c03010002110311003f00f7ea28a2800a28a2800a28a2800a28a2800a28a2800a28a2800a28a2800a28a2800a28a2800a28a2800a28a2800a28a2800a28a2800a28a2800a28a2800a28a2800a28a2800a28a2800a28a2800a28a2800a28a2800a28a2800a28a2800a28a2800a28a2800a28a2800a28a2800a28a2800a28a2800a28a2800a28a2800a28a2800a28a2800a28a2800a28a2800a28a2800a28a2800a28a2800a28a2800a28a2800a28a2800a28a2800a28a2800a28a2800a28a2800a28a2800a28a2800a28a2800a28a2800a28a2800a28a2800a28a2800a28a2800a28a2800a28a2800a28a2800a28a2800a28a2800a28a2800a28a2800a28a2800a28a2800a28a2800a28a2800a28a2800a28a2800a28a2800a28a2800a28a2800a28a2800a28a2800a28a2800a28a2800a28a2800a28a2800a28a2800a28a2800a28a2800a28a2800a28a2800a28a2800a28a2800a28a2800a28a2800a28a2800a28a2800a28a2800a28a2800a28a2800a28a2800a28a2800a28a2800a28a2800a28a2800a28a2800a28a2800a28a2800a28a2800a28a2800a28a2800a28a2800a28a2800a28a2800a28a2800a28a2800a28a2800a28a2800a28a2800a28a2800a28a2800a28a2800a28a2800a28a2800a28a2800a28a2800a28a2800a28a2800a28a2800a28a2800a28a2800a28a2800a28a2800a28a2800a28a2800a28a2800a28a2800a28a2800a28a2800a28a2800a28a2800a28a2800a28a2800a28a2800a28a2800a28a2800a28a2800a28a2800a28a2800a28a2800a28a2800a28a2800a28a2800a28a2800a28a2800a28a2800a28a2800a28a2800a28a2800a28a2800a28a2800a28a2800a28a2800a28a2800a28a2800a28a2800a28a2800a28a2800a28a2800a28a2800a28a2800a28a2800a28a2800a28a2800a28a2800a28a2800a28a2800a28a2800a28a2800a28a2800a28a2800a28a2800a28a2800a28a2800a28a2800a28a2800a28a2800a28a2800a28a2800a28a2800a28a2800a28a2800a28a2800a28a2800a28a2800a28a2800a28a2800a28a2800a28a2800a28a2800a28a2800a28a2800a28a2800a28a2800a28a2800a28a2800a28a2800a28a2800a28a2800a28a2800a28a2800a28a2800a28a2800a28a2800a28a2800a28a2800a28a2800a28a2800a28a2800a28a2800a28a2800a28a2800a28a2800a28a2800a28a2800a28a2800a28a2800a28a2800a28a2800a28a2800a28a2800a28a2800a28a2800a28a2800a28a2800a28a2800a28a2800a28a2800a28a2800a28a2800a28a2800a28a2800a28a2800a28a2800a28a2800a28a2800a28a2800a28a2800a28a2800a28a2800a28a2800a28a2800a28a2800a28a2800a28a2800a28a2800a28a2800a28a2800a28a2800a28a2800a28a2800a28a2800a28a2800a28a2800a28a2800a28a2800a28a2800a28a2800a28a2800a28a2800a28a2800a28a2800a28a2800a28a2800a28a2800a28a2800a28a2800a28a2800a28a2800a28a2800a28a2800a28a2800a28a2800a28a2800a28a2800a28a2800a28a2800a28a2800a28a2800a28a2800a28a2800a28a2800a28a2800a28a2800a28a2800a28a2800a28a2800a28a2800a28a2800a28a2800a28a2800a28a2800a28a2800a28a2800a28a2800a28a2800a28a2800a28a2800a28a2800a28a2800a28a2800a28a2800a28a2800a28a2800a28a2800a28a2800a28cd26f1400b45377ad1e62fa8a09e688ea29be60f5146f1ea29d839e23a8a6f983d451e60f5145839e23a8a6f983d451e60f5145839e23a8a6f983d451e60f5145839e23a8a6ef5f5a37ad2b073447514668a0a0ac5d4b5d8b4cb9485ade59380eccb8f9474cfbd4d6bad59dddfc9651f99e6c790494c038eb83535f59584d8b8bc8a23e5721e4ed5949b92f7181741dc01ec452d35486008c104704561f885f5158e1364670993e6181033fb707b5394b955c0dea2ab5819cd8c2d76009ca0f300f5a8e5d5ac219fc892ee1597a6d2dcd3e7495d81768a68218020820f714eab00a28a2800a28a2800a28a2800a28a2800a28a2800a28a3340051451400514514005145140051451400514514005145140051451400514514005145140094c96458e32edc0039a7d43750f9d6ef18ea456755b506e3b8d5ae538b578659c47b5803c027a1ad1c73ed5cec1a6dc994068c8507a935d02f0315c397d5af522dd756d7435ad1826b9592514515e91899dad594ba8691716b6f318269570b20ec6b9ef0af86b53d1efa59aeef84b114da22466233ebcd7623914b8aa526958c27878ca6a6f74703abf84b5bbbd527bab7d4418a56c8479186d1e9c552ff8427c43ff004108ff00eff3d7a57d79a4c7a56b1c44a2ac8e69e5b466dc9deefccf37ff00842bc47ff3fe9ff7f9e8ff00842bc47ff3fe9ff7f9ebd228a7f5a9f919ff0064d1f3fbcf36ff00842fc47ff3fe9ff7f9e8ff00842fc47ff3febff7f9abd2b9a39a3eb53f21ff006551f3fbcf35ff00842fc47ff3fe9ff7f9e8ff00842fc47ff3fe9ff7f9ebd2b9a39a3eb53f20fecaa3e7f79e69ff00085f893fe7fd3feff3d27fc217e24ff9ff004ffbfef5e97cd1cd1f5a9f907f6551f3fbcf36ff008437c49ff4114ffbfef535bf837c4097113b6a6142302489589aeed6ee092692049a36913ef206c91f5156318ed49e226d5b4296554a2d3d7ef154100034b451581e895a3b0b686e64b98e0459a41f3b81c9a5bab482f6d9edee6259626fbc8dd0d58cd19a9b2b580af24d6f6508f31d2289460163814e8a68a78c491baba1eea722b88f13166d69924048541e583d00ef8ab1e11322dfdc46aa444532c01e01ff0013cd79d1c7df11ec2c2beb63aeba2e2d65317fac0a76fd6bcc6493ccc93d49cbe7b9af5438ef5913786f4cb8b8fb43c1f3139201201fc29e3b0b52bdb91dac0d5c83c2aeefa2a0724a89088f3fddff0039adfa8e289628c471a848c0c00063152576528384545bb8c28a28cd6c01451466800a28c8a2800a28c8a33400514514015ee65f22da4948cec52d8ae20f8ab531379b98fcbef163b7d7d6bba74578ca9195230457367c1f019b71b993c9ce7cb0073ed9f4ae4c446b49ae4765d4ebc2ce8c53f6aafd8e8ede613c0928e8ea1aa6a647188e30aa3000c014faea5b1caed70a28a298828a28a0028a28a0028a28a0028a28a0028a28a0028a28a0028a28a0028a28a00314514500145145001451450014514500145145001451450014514500349e2b12ff00c55a3e9b72d6b737aab38ea982715b87915cb6ade08d3754be92f5a49e299f1bbcb7c06c74a0db0ea8b9fef9bb791c1786357b4b0f195f6a3753edb69da521ce7b9e2bd574bd6f4fd6158d95c24bb3ef01dabc8741f0fc1aaf8aee74c9de648223272a793835ea3e1ff0bd978744bf657959e6c6e691b278a7a58f6338861535cadf3597a1bf4515e63f12fe2947e0ec69ba6c2b73ab32ee3b8fcb083d09f527d2a5bb1e12573d0f508a69f4f9e2b693cb999084707a1aada2dadcda5898ae9c96dc48064326d1e993d6be631f13fe245fbb5c5bea57462278f26d0151ff008ed1ff000b17e278ff0097ed47ff000087ff001151a5ee57233ea1bfd2ad3528c2dd4224c7439c11f88a92cac2db4f80456b12451f5c0af967fe1637c50ff9fed47ff0087ff134a3e22fc4eff9fed47ff00c7ff114b9209f35b51723dcfa43c5105d5c69f10b78e49504999638ce0b0c1feb8a7f8622b8874e713c52c2a642638a53ca2fff00af35f36ffc2c3f89dff3ff00a8ff00e010ff00e229bff0b17e268e4dfea38f7b41ff00c4d47b15ed39eefd07ecdee7d63457cdde13f8e7acd9ea11daf89156eeccb6d92655d92c7ef81d71e95f455b5cc5776d1dc40eb2432a86460720835ba7725ab0b23ac4864738551927d057965ef8d35ad67537b6d1d24488362310a6588f539e80d7a0f88d2493c3ba82479f31a160315c6fc3596ce286f11d905d3383f31e4ae3f975a7d6c7a9818d38d09d794799ad12fd4ee74537bfd916df6f3fe97b7f79f5ae77c67e2dfec354b4b4c1bd957764f445f5fad76039e86bc9bc511ac3f132dee2f549b5dd131cfa0fe80f34ccf2fa50ad5dba8b449bb77f23a2f075cf882eafa49751339b331e419942f3ec3d2bacd46fa1d2ec26bb9890912963562264784346415c7183c5739e3b8e597c1f7823ce460b63d33cd3316d57c4abab26d2b23891e2df136bda891a5a491a03855853207fbcc6bd62dfcdfb3279f8f3768df8f5ae3fe1d4d69ff08f2c31b46b32c8de60079e4f1fa576aa491cd236cca51f6beca30e551d3d475145148f3828a28a0028a28a0028a28a0028a28a0028a28a0028a28a0028a28a0028a28a0028a28a0028a28a0028a28a0028a28a0028a28a0028a28a0028a28a0028a28a0028a28a0028a28a002834514019569a0e9f65a84d7d0db225d4ff00eb241d4d6a52d21a06e4e4eed857c956d6dff09afc5c7b7bb91bcbbcd44f9bcff00278fc862beb5af933c6163a87c3df8a12dedba1005cfdaed1c8e24527247ea454c8ba7d4faaececadac2d12d6d6048608c6d48d0600156703d05799e99f1c3c1d79631cd79792595c11fbc86489d8a1fa81c8abdff0b97c09ff0041b1ff007e24ff000a7a116677b8f61f9518f6ae13fe172f813fe8363fefcc9fe1427c62f0339006b6a33c64c32003f4a2e82cceef60f41f95181e83f2a8a0b98aeede39e075921914323a9c8606b91d4be29f83b49bf9ac6ef5945b884ed9156376c1f4c81d69859b3cf3e3e786eca082c75e82158aea494c13328c79831904fbf079aebbe08ea525ff00c36b6494926d66920049ec391fcebc9be29fc4687c6b796d67a64720d3ad98956718334878ce3d3b7e35ed9f0bbc3d3786bc09636774bb6e64267950ff00096edf5c62a7a96d5a2ae76322aba1565c82306bcdf59f875726f9aef49b80aae73e5312a54fb30ed5e96727bd4534d141197924551eac6acd30b8aad4257a4f7e879569fafeb7e14d662b0d50486de43861236ec0fef03e95dbf893c316fe24b44756115ca0fddcb8fd0fb5711e3dd4adb57d5aca0b2712cb1650b2739248e2bd4ed87976b1063c8500fe54fa1e8e367282a7888ae59bbdec7935d683e26f0c466f6295cc517530ca580ff809ed5dc7863585f14f879c5d20f33062957b1f7a9bc49add859691751c9711b4ad190b183c926b9ef85f04ab697b724111c8ca83231c8fff005d22ab54957c23ad552524d59dad733b50f875aa5b5c492e93740a13954f30a30f6cf7a97c2de26d5b4dd74683ad17393b4190e4a9edcf706bd227b98601ba5992303a9638af28d66ee2d7be23598b0c491ab2c7e6a7720e4fe029a34c3622a62e9ca9d78a6926ef6d57ccf60a2917eed2d49e005145140051451400514514005145140051451400514514005145140051451400514514005145140051451400514514005145140051451400514514005145140051451400514514005145140051514b32c1199242151464935cc5c78bbf7e63b68415ecec7afe15cd5b110a36e67b9ad2a33a9f0a3abac1f13f84b48f1769df63d56dbcc50731c8bc3c67d41a4d37c4b0decab0cc9e4ca4e073c1adf15a52ad4eaabc5dc99d39d27692b33e5bf895f0badfc09676b7b6da94b7315c4a6311cb180578cf51d68f03fc2f8fc5fe1ffed36d59ed7f7ad188c43bba63dfdebd03f689ff00915f4aff00afb3ff00a0d68fc0886293e1c866504fdae5ebf850d5de86b09da376723ff0a1e1ff00a181ff00f0147f8d387c09b7fe2f10cb8ef8b603fad7bc7d8edffe792fe555afe28adb4eba9a28d0491c2ce38ee06697b37dc3db232349b65d1b48b2d36da490c36b108932724e3d6be5db7d18f887e223695e7793f6cbe78ccb8c91963cd7ae7c1df116b1e21d3f567d52ee4baf2a64f2de4fe1c8391f4af39f06e7fe174d80ff00a883ff0033495ef6668ec95d1ed3e11f837a07862f16fe579752be4398de7002467d42fafb9cd7a5d1456fb1c8ddca777731d9d9cd7521f92242c7f0af22b4b7d63c7da9dcce66d9046d8f9c9da9ec00ea6bd5b5cb66bdd16f2da3fbf242ca3eb8af3af03f882cb4217367a8b080b3e72c3a11c60d17573d8cbaf1a152a52579ab5bc91d27877c076ba35c2de5cca6eae17ee123017e83d6b27c7bafdebea51681a79712381bb61c1627a0fa577963a95a6a31196d2e63993b9439af32f1934fa2f8eed757688b44429ce3ae3823eb8a61819cebe29cabeb249d93efd0b7a77c319dc23dfdeaa13f7d225c9fa64d75da8cd6fe14f0bcd25ac402dba7c8bea7ff00d74fd3bc5ba2ea7e5a437d1f98dd11b83fad43e33b17d43c2f7490825800c00ef8a7b18d4ad5ead78c313a2bed6b23cf347f0feb1e34925d4aeaec245b8a89189393ec3d2bbdf0d7836dbc3f29b8321b8ba231e630c607b0ae7bc0de2bd32c74c1a6df4a2dde324aee180c0d7a0da5e5b5ec5e65acd1cb1faa1c8a46f99e2312a52a76b436565a5bd4b74514523c50a28a2800a28a2800a28a2800a28a2800a28a2800a28a2800a28a2800a28a2800a28a2800a28a2800a28a2800a28a2800a28a2800a28a2800a28a2800a28a2800a28a2800a28a2800a28a28039ff15c8c9a4617386906699e1bb1b6fece59fcb56964fbc48e6b5efecd6fed1eddfa30e0fa1ae47ec9abe96f22c2afb09eb18dc3f2af27117a788551a6d58efa3253a2e9a76771de21822b5d4a36800462bb8e3b1aeca125e18cb752a335ca69fa2de5fdd8bad4034680e4863f337f80aebc0519ad30309de551ab27b233c5ca368c13bb5bb3c73f6891ff0014b697ff005f67ff0041ad3f808d9f87647a5e4a3f9566fed11ff22ae9bff5f67ff41abff004ff00c5033afa5f49fc96bd0ea63ff2ecf55a86e1e38a0924971e52a92d91dbbd4d54b56ff9035eff00d7bc9ffa09aa3238cf05ebde15d734bbf3e19b25b38a39f132ac223de48e0f1eb5e17e0bff0092d3a7ff00d841ff0099aed7f67fe749d6bfebb45fc8d719e0cff92d9a78f4d424fe6d58ef23a6d6833eb2a28a2b63986e3d6b97d6fc0fa66b5379ede65bcc7abc4719fa8aea71c566eafab5a68b60f777ae5624f41924d06b42ad584d3a4da7e47956a36779e04f12dacd6f72f2c12723b640ea0d7a9dfe9767ade9e21bc88491b80c3d57dc1f5af31d7f547f19ebd676b636cc235e1438e79eac7d0015eb7027950c6a7f8540a69df63d4cca5351a729e952daf7f23cdf5bf874b676135c69f73233460b04979fd456cfc3fd5a4d534492dae4967b621413cee53fe7155fc49e3bb38e3bbb0b34796700c4ce46114f43cf7a9be1d6992dbe932de4e0a9b920a8230768e949155a75678272c4ef7567d49356f877a5ea13b4f1c92db39e58458c7e55c8e97f6df05f8ee3d39e732db4e541f4607be3d735e93af7886cfc3f6f1c975bcb4a76468a3258d79b4134fe31f8836d751c2c9041b49c8e8a39e7f1aa45e02ad7a9467ed9de9d9efdfc8f631d28a00c0a2a4f0428a28a0028a28a0028a28a0028a28a0028a28a0028a28a0028a28a0028a28a0028a28a0028a28a0028a28a0028a28a0028a28a0028a28a0028a28a0028a28a0028a28a004cd2e7d2bc0fe31fc49d4f4fd71fc3ba35d4968b0a0373345c3331e7683db8c570b1e89f1327413241e2221c6e0fe6c8339fc695cb54eeb73eb5a2be4cff00847fe270ff00977f11ff00dfd93fc693fe11ff0089dff3efe23ffbfb27f8d2b8fd9f99f5a5262be4dfec1f89ff00f3efe23ffbfb27f8d365d1fe25dac0f732c1e2248e31b99da593803f1a2e3f65e67d6dc515e1ff0005fe236a3ad6a527877589daea41119609e4e5f8eaa7d7d735ee14d3336accf1bfda23fe456d33febecffe8356ff0067eff910eebfebfa4ffd052aa7ed11ff0022be97ff005f67ff0041ab1fb3e1ff008a22f07a5f37fe82297534ff009767ae552d53fe40f7dff5ef27fe83576a9eadff00208bdffae127fe826a8c8f0cfd9fff00e411ad7fd768ff0091ae37c1bff25b6c3fec2127f36aecbf67ff00f904eb5ff5de3fe46b8bf05ffc96db0ffb0849ff00b3d631f899d6fe03eb3a28a2b63904aa3a96996bab5abdaddc7be26ea335e3de3ff8dafa55ecda4f86e2492684ed96f25f9941ee1477fa9af3d3f15be2049fbc5d5a720f4d96a31fca95d171524d34eccfa674af0ee99a287fb15baa3b7de7272c7f135ad8e2be4eff0085a5f10bfe82975ff80c3fc297fe16a7c41ffa0a5c7fe030ff000a2e8b946737cd27767d213783f4596fcdebda6e94b6e20b1da4fd2b782ac600000503802be52ff85a9f107fe82973ff0080c3fc293fe169fc42ff00a0a5cffe030ff0a39d15255269733bdbccfa7f56d16c75a8512fa22e10e5482411f952e95a358e8d0186cadd6253c9c0e4fd4f7af97bfe169fc43ffa09dd7fe030ff000a7c3f17fc79652acb36a4cca0fddb8b7183fa51cc2fde72f2df4ec7d634579b7c38f8a969e350d637512da6ad1a6e3106caca3b95ff000af49a662d5828a28a0414514500145145001451450014514500145145001451450014514500145145001451450007a560ea1a8ce2e1a38a43185e3819cd6f5675d69515cc9e616646efb7bd716369d69c2d45d989dfa0ed32e9aead77498dc0ed2477abf50dbdb476d088a218515356d454a34d29bbb18514515b80514534b0404b1000ee4d2d807515ca78aeee458adfecd72e8b924989f19c7d2b7ecae526b5809914c8c80919ebc573431309cdc16e82e5ca28a2ba8028a28a00f92be29807e2c6af9ff9ef17fe80b5f57db7fc7bc5fee8fe55f2dfc66d3aeb4af89377772467c9bcf2e785b1c3600047d722bbd83f686d3561446f0fdee5540244aa4542d1bb9ab4da563db68af19ff8689d1ffe805a8ffdf6b47fc34468e7fe605a8ffdf4b55744f24bb1ecd55750c7f66dcffd717fe558de12f17e9de31d1bfb4ec77c718731bc728c1561585f11be23d8783215b392da5bbbdbb858c69190020e9927d334368949dcf18f81c47fc2d383deda6c7e55f53d7cc1f02b4f9ae3e211bd48c986d6d5fcc7c700b7007d4f35f4fd0b62a7b9e35fb44ffc8afa57fd7d9ffd06a5fd9e4ffc521a88f4bcff00d94545fb44ff00c8afa57fd7d9ff00d06a5fd9ebfe452d4ffebf7ff6514ba95ff2ecf60aa7ab7fc822f7feb849ff00a09ab954b56ff903deff00d7093ff4135464786fecff00ff00208d6bfebb47fc8d71be0aff0092db61ff0061093f9b5765fb3fff00c8235aff00aed1ff00235c6f82bfe4b6d87fd8424fe6d58af899d5f619f58d723f127599341f87fabdf424acc22f2e361fc25ced07f5aebab8ef8a1a4cbacfc3ad62d6004ca22f3540efb0eefe95abd8e65b9e25f05fc1f65e25f115cdfea1189ed74f0a444dc8790f4cfa81826be9848628a311a44ab18e8a000057cdbf02bc5569a3f886ef4bbd91614d4517ca918f1e62f407ea09afa5fad25b153bdc4f2d3fbabf951e527f717f2a7515440df293fb8bf951e5a7f757f2a7514009b13fba3f2aa7a869561aad9c9697f650dc5bc830d1c88083576a0baba82cede4b8b9956285065e4738005007c97ac58cbf0ebe2a18ace4212cee9258493d623ce0fe048afada195668239474650c3f1af92bc57a81f1efc517934f42e973731dbdb607541c67f1e4d7d6b0462282388721142e7e9491a4f644b451453330a2aac77d6b34a628ee627907555704d3a6bcb6b6204d3c5193d03b8151cf1b5ee058a2a9ff006ad87fcfe41ff7f0539350b39182a5d44cc7a00e39a4aa41ecc0b545145680145145001451450014514500145145001451450014514500145145001451450014514500159bac69c753b06b61279649041c67a569515128a926981e73ab68f2690103ccae1f270a318c56ad8f85647fb3dc9bb44195930b173eb8ce6b7f54d26df558e359cb8d8720a9c55e8e311a2aaf014600af3a8e5f185673e9d04959920a28a2bd41851451401c0fc5fd32d350f875aa4b3c08f35ac62585c8e54e474faf4af13f855e0ed3bc5baaea36fa9acf2476f02c91ac526de49c57bd7c52ff009267af7fd70fea2bca7f678ff91875bffaf58fff0042acdabbb1b53768b6755ff0a5bc2fff003e77ff00f7f8d35be0b78597ef437a3eb31af5da64ff00ea1ffdd349c34dc1567d8e4740d074ef0ee9a34dd32211420990a16c963ea6bc63e3affc8d7624f6b1c0ff00be8d6883a99fda12123ed4212c31d7698bcafe5595f1df3ff095d8ff00d7973ff7d1a857bee6fa6f63dbbe1b69765a6f80f49fb2c09134f6c92cac0732391c93ea6bafae7bc0bff222e87ff5e517f2ae86b75b1c6f73c6bf689ff915f4affafb3ffa0d4dfb3e0ff8a4752f7bcffd94545fb447fc8afa57fd7d9ffd06acfecfc3fe289bc6fef5f3ff00e82297534ff9767add52d5ff00e40f7dff005ef27fe826aed53d5b2748bc03a9824c7fdf26a8c8f0cfd9fbfe413ad7fd768bf91ae33c19ff0025b6c3fec2127f335da7ecfe0ff646b67070268c7e86b89f067fc96db0ff00b08c9fccd62be2674bf80fad29aca1810c0107b1a7515b1cc7817c40f82576f7f36a9e1608f1c877bd913b4a1ff60fa7b57986a2fe31f0ecf1d9ea975abd8b15dd1c6d70c323db9e95f6657cf7fb42f1af689ed6d273ff0002a892b2d0da9caeecce1ecacfe20ea16715e593ebd35b4a32b247348437d39a9ffb1be25f78fc45ff007f64ff001af78f86b6924df0d741224001b6e847b9aeabfb3a5ff9e8bf91a8f7ba235e7823e6ad2b4bf89b16a76ef6c35c470e399e63b47d727a57d29fda522a283182d81b883de97fb3a5ff009eaa7fe035e59f10bc71aa7857c67a46936890fd9e60ad3191325816c71e98149b9a27f772649f1afc49a9e9fe1ed3e1d3eea5b43713112b42c5090074cfa578ee9da078d3c636e0d9c7a9dfda97d85e49898b23d4938e2bd37e3bff00c827491e9349fcabacf817ff0024c6dbdee66ffd0aaa176f514ed05a22b7c32f8523c24ffdadabc91cfab1188c2729003d71ea4fad7aa51474ad52b1836db0a64a82442873861838a7d152d5f411ced97856dec6f21b95b8958c24940401d7d4f7a9752f0dc5a8de1ba33347214d87806b768ac9e1e9b8f2b5a058e5bfe10c8b663edb27fdf229f07842de19e395ae646f2d83e000326ba6a2b28e0e8c5a6a3b05900a28a2bb0028a28a0028a28a0028a28a0028a28a0028a28a0028a28a0028a28a0028a28a0028a28a0028a28a0028a28a0028a28a0028a28a00e3fe29ff00c933d77febdbfa8af28fd9dbfe461d77febd63ff00d08d7abfc53ff9267aeffd7b7f515e51fb3b7fc8c7ae7fd7ac7ffa15475355f033e87a8ae7fe3da6ff0074ff002a96a39ffd43ff00ba69bd8c8f28b7f88813e2345e123a68f2f8885ceee41d99e9e9dabcf7e3affc8d769ff5e431ff007d1a921cff00c344afb5d0ff00d1751fc78ff91aec7febcbff0066358a56676f43defc09ff00222e87ff005e517f2ae8ab9ef027fc889a1ffd7945fcaba1ae838dee78d7ed11ff0022be97ff005f67ff0041ad0f800b8f00ccdfdebe93f90acefda2481e17d287737671ff007cd6cfc075c7c3588f76ba949fd2a7a96fe047a6d04668a2a8ccc69ac2cb4db5f2eced20b74965cb08630809f5e3bd7cc7e0eff92dba7ffd845ff99afa9b56ff00530ffd751fc8d7cb1e103e57c6cb0cff00d04d87ea6b2fb46f157a6cfada8a28ad4c02be7afda27fe43ba2ff00d7b49ffa157d0b5f3cfed13ff21dd17febd64ffd0aa65b174f73d5be167fc932d03febd47f335d8571ff000b3fe499681ff5ea3f99aec29a25ee15e79e37b4f05dcf88f4697c45308b5256c5a2190aeff9bbe3b67d715e875f3cfc72247c47f0dfb4298ffbfb4a5b150dcd2f8f047f66e95ff5da4fe55d57c0bff92636bff5f337fe855ca7c78ff906e95ff5da4fe55d57c09ff925f6bff5f337fe8559d235adb23d16595218cc8e42a81924f6ac7b5f16e8d7974b6f0dda9763f2920e1be86a4f1459cf7fe1cbdb7b6cf9cf110a077f6af21b0d3b51bbd4a2b48ed2649830ce632047f8fb56add99d781c1d1af4a529cacd1ef1453230446a0f240eb4fa67981451450014514500145145001451450014514500145145001451450014514500145145001451450014514500145145001451450014514500145145001451450071ff0014bfe49a6bbff5effd457947ecedff00230ebbff005eb1ff00e846bd5fe297fc934d77febdff00a8af28fd9dbfe461d73febd63ffd0aa3a9aaf819f43d473ffa87ff0074d4951cff00ea1ffdd354f6325b9f3642847ed14b9ef740ff00e42a83e3b1ff008aaecffebcff00f6635eea34fb1fb72df7d8a0fb581b44de50f3076eb5e15f1d87fc55765ef663ff004235ce9de4775b43df7c0bff00222e87ff005e517f2ae86b9ef02ffc88ba1ffd7945fcaba1ae9389ee7847ed1776a62d0ec01e732cc47e43fc6bb5f82f6bf67f863a6373fbd6924fcdbffad5e3ff001b3551acfc4296d206dc2c625b6007fcf43c9fd4815f44784f4b5d17c27a56983adb5ac68df5c73fae6a56ecd25a45236a8a28aa3233f54ff5517b482be55763a27c68f35bfe5df5804fe327ff005ebeadd487fa383e8c2be61f8c5a7b69de3f92fa2181771a4ea47f78707f502b26ed23a29eb03eaba2b1bc2fab45af78634dd4e26cadc408e7d8e3047e79ad9ad4e70af9e7f689ff0090ee8bff005ed27fe855f4357cf1fb44383af68e8082c2d64247a7cd532d8b86e7abfc2dff009263a07fd7aff535d8571ff0affe498787ff00ebd7fa9aec29a25ee15f3d7c74ff00928de1bffae29ffa36be85ae03c6de00b0f14ebba5ead75753c12d9f0123030e036e19cf4e6949d9150dce23e3cffc8274affaed27f2aeb3e04ffc930b5ffaf99bff0042ae43e3c64e91a53f6fb4483ff1daea7e064d18f86317ce07957336fc9fbbce79fc2a291b56d91e9f8a362ff76a28a78a6242306c0078f7e6a6ad4e60a28a2800a28a2800a28a2800a28a2800a28a2800a28a2800a28a2800a28a2800a28a2800a28a2800a28a2800a28a2800a28a2800a28a2800a28a2800a28a2800a28ae7fc4be31d13c2769e7eaf7a9093f7221cc8ff0045a00cef8a5ff24cf5dffaf6fea2bca7f676ff00918b5cff00af58ff00f42acdf1dfc6ab8f1369d71a4e9ba72dad84e364b24ed995c7b6381fad741f00347beb5bfd5b519ad668ad268638e292442a1ce72719eb8a9dd9b5ad067bcd4737fa97fa1a92a39bfd4bfd0d37b192dcc215e07f1d47fc55161ef65ffb31af7ac8af13f8e3a5ddcda9e9fa8a5bc925a8b631b488090a77679f4eb5c907ef9e83d8f6ef027fc88ba1ff00d7945ffa0d58f136b96fe1af0f5e6ad74404b78c903fbcdd87e2715e0fe09f8e33687a7dae93abe9c2e6d2dd4451cd6e712051d320f07f4aadf167e235b78bbecba7e9124874d8c0964664286493b0c1ec3f99aeabab1c7ecddccbf871a3dc78d3e2625cde6648a394dedd93c8273903f1381f857d5c2bca7e1769fa37827c26936a3a8d8c3a8df013dc6f9d72a3f857f01fa9aebe5f887e1085497f11e9fc75c4c0ff002a15ac44aed9d3d15c637c54f0427def115a7e1b8ff4a68f8b3e06271ff090db7e21bfc29dc567d8eb6ee3f3ada48c75238af1ef8cfa01d4fc2aba9c084cfa736e381d636ebf91c1aeea1f89be0a94e17c49659f7623f9d413f88bc33a8f990a6b7a6cf14c0aba7da179078ac6ae8d346d46eae99c2fc01f1524d6175e199dbf7901fb45b64f553f787e079fc6bdbcd7c837d15d7c39f88426b199645b797cdb7915f22588f6e3d46457d53e1ed72cfc47a1daead64fbe0b84dc07753dd4fb83c56b17744548d9dcbf717115ac124f33848e252eec7a003935f26eab757bf137e2615b6df8bd9843003ff2ca11dfe8064fe35ebdf1d3c57fd93e1a4d0eda4c5d6a5feb307958475fccf1f9d657c04f09f936971e27ba8ff793660b4c8e883ef37e278fc0d0f57605a2b9ec5a4e9b0691a55ae9f6a3105b442241ec2af51455198550d4a3251641fc279abf4c923122321e8460d26aeac38bb3b9e77e3ff0d8f14783eeec91337510f3ad8ffd341dbf11915e57f057c4a34bf114de1cbe2459ea7f2a827fd5cc3f967a7d40af7b6530ca633d41af9d3e2af87e4f0c78d06a7644c705e1fb4c2c9ff2ce51d47e7cfe358537676675c92923e8fb5616b3b862e177ed60c338f4258f0077007ad6e570be17f10db78c7c2b65ac124ce91159a25c0d928c0272781f8f635d469d7314b008d0fcc800efc8e80f3d7a633ea2ba0e47a1a545145020a28a2800a28a2800a28a2800a28a2800a28a2800a28a2800a28a2800a28a2800a28a2800a28a2800a28a2800a28a2800a28a2800a28a2800a28af1af8c1f13ce89149e1fd166c6a0e31753a1ff0050a7b0ff0068fe949b1a5727f895f182dfc3be6e91a094b8d507cb2cc798edff00c5bdbb57957867c0be29f895a8bea57134a2ddcfef750bacf3ecbebf8702b7be157c277f1118f5ed7e361a5e774309eb727d4ffb3fcebe8eb7b686d2dd2082258e141b51146001525369688e2fc2ff000a7c33e1958dc5a0bebc5e4dcdd0dc73ec3a0aeb2f2fe3b1f2d0c64e7a01daa55bd89ae0db827cc1edc53ae208655dd32a90bce4f6ac6a49ca3fba7a82dfde1eae1e3561d08a3cc42db43296f4cd070d09f2c8c11c115850595d0bf590a6c0adcbfad635b115694a3151bdf7638c534db762dea72430800463cc3cf159b0ca6590c640208e531906b5353b092e40922c6e03183deabe9fa74b1cc25940403a0cd7995beb5f5d56d2274d394152df5386f127c30f0e788049225b2e9f78dc89ad5368cfbaf43fa578978abc11abf84ee0fdb6312d99388eea2e636fafa1f635f5a5d5824a37c7f2c9fceb16eed2dee6092d6ea18e685c6d92290641af56a54f64d733dc29494b63e57f0e6872f897575d32deead2de67198fed4fb431f41efed5e8717c01d64ffafd634e8ffdd8d9ab1be217c399fc2f39d63492e74d2f9201f9edcff87bd68693f1d359b2d3e1b6bdb182fe48c6d370ee559beb8efef454736af4899f3743453f67dba1f7bc4307e16c7fc69c7f67e9fb78822fc6d8ff008d1ff0d07371bbc3f1fe1707fc283fb41cbdbc3c9ff8127fc2b99fd6ccad32b4bfb3e6a7c98f5db363d83c4c2a8cff0001bc4d121305ee9b31fee062b9fcc5684bfb415f1ff55a1db2ff00d74949aa337c77f124b9115ae9b083fec16c7e66ad3c575b14b98e7eff00e15f8d34d8d99f4779957bdb9127f2e6b67e1378ff00fe111d565d235891a2d2ae1c92641ff1ef28eff43d0d645e7c4ff1aeace557579e307f82d6309fcb9ae52fa1bc1279b7a92ac937cdba51cb7a9aeaa4e4be2b5cbb732b33a9d56eef3e27fc4ddb6e5b1793886107fe59423bfe0327f1afaaf4ad36db48d2adb4eb45db6f6f108e31ec2bc73e01f84bc9b4b8f14dd47fbc9f30dae4745fe26fc4f1f857b85742ee73d47adbb0b4514532028a28a00cdd460e930f4c1ae27c7de1a5f14f842eecd114ddc43ceb627fe7a0edf88c8af45963124654f4231584ca6194a9ea2b0a8acee8e9a2eeac781fc17f14368fe219fc3d76bbad7531b444e7189871f864647e02be81805cc575e63445589c4a123ca95ec777563d3f33c57cddf15bc3cfe1bf19aea76398a1bc3f698993f825079c7e3cfe35ee3e1af145bf8afc1d61a9ef6170ebe5dca2139571c37a01ce0e4f1cd6b07744558d9dcee811d33c8eb4b597a588879aab0a46c9852636dc0f7ebdcfad6a551885145140051451400514514005145140051451400514514005145140051451400514514005145140051451400514514005145140051450680390f885e2d8bc1be14b8bfe1aedff00756a87bc87a7e03afe15e07f0d7c173f8ffc5535eea8cf2e9f0c9e75dcadff002d9cf213f1ebf4ab3f193c42fe24f1a369f6d26eb5b06f22219c032ff19fcf8cfb57a4f86fc55e0af873e14b4d265d5e096ec2efb816c0ca5a53c9e9f97e15174d9ad9a5a753d52186382258a24091a00aaa060002a5af22bafda07c350e7ecfa7ea53e0f1fbb0b9fccd625c7ed1a993f66f0e3e3b192e7fc0555d10a9c9f43dc85b4425f3420dfeb4b342934262917746c3041af9ea4fda2b5724f97a1d8a8edbe5635037ed07e256fbba7e949f5de7fad42515b22bd9c99f4511e4c1b2141f28c28a86cde7911bcf4da41e38eb5f3a9f8ffe29c7fc7b6943fe00c7fad27fc2fdf15f1fe8fa5ffdfb6ff1a870bc94aff21f23b5ac7d2d5ceea42637843798413f2605785ffc340f8ab1ff001eba67fdfb6ff1a51fb40f8a3bd8e967fe02ff00e35cd8cc22c4c546ed599505283bdae7d1b6a2416d1093efede73541b4b97ed0ee1d4a93919af0c8bf688d6d3fd668fa7bfd1dc55eb7fda327ff00979f0ec67feb9dc91fcc5693c2c269296b608aa916daea7ab5cc315cc52db5cc49243202b246e3208f435f3778ff00c1efe11f1095894b69f707ccb573ce0778cfb8fe55e8e9f1e741ba70f71a35fc2c7ef152ac2aa78bbc69e0df1af85a7b0178f6d7d1fef6d4dcc457120ed91d8f4a514e2ed6d0dd3babb19a0681e12f126836da8ae8f02cac36cf1c724836c83af7e8783f8d5b87c17e109f7791a7c126d6d8d8964383f9d70bf0c75b5b1d764d36e37f9178bc01da41c8fcf915e95a5de69622bb92c639151479b2023aff009e95e3e33db52a8d26ecf6382bf3425b9421f0ae802f2eede0f0d4044116e8a6914b066c74e4f355eda0b3b6d1ae669f44b08a5670b6c4da2a93ea79ec3f9d4336b7a8cf3f982ea488039448f802a2bebfb8bf944b73217709b0718c538bab6f79fe24733ee420c7102762c71a8cb1031815c0dbda5d78d7c6d6f636d9cddca235ff00a6718ea7f01935d078af50fb26982d54e25b83838eca3fc7a55bf85be22f0cf8466bbd67599dcdf32f936f0c5117655ea5bd067815ea6123d5f53a6926a373e91d2f4db6d1f4cb5d3ad1765bdbc4228d7d87f5abf5e2f7bfb4468f1022cf46bc98f632b88c1fe758d73fb465eb716be1e817febadc16fe42bbee89f6727d0fa068af9b65fda0fc48dfeaf4dd3631efb8ff005a88fed01e2aed6ba60ffb66dfe34b9915ec647d2f457cc9ff000bff00c5bff3efa6ff00dfa6ff001a70fda07c55decf4d3ff6cdbfc69dd07b191f4cd666a509c09876eb5e0707ed0de204ff005da469f2fd19d6b4a0fda264642b7be1c5607a98ae71fa11512b3561c29cd3bd8ecfc7fe1b1e29f085d5aa20fb5c23cf809fef0edf88e2bccbe07f8a8e91e259340bb7c5a6a5f2a06fe1987f88c8fcaba8b3f8e7e1e9587da74fbfb6e7a802402bc9fc5f75a5ff00c260fab786ee4982661731fc854c3275239f7e7f1ace95d3d4de51e6563ea82a96978a63ff005887840ff3383d828e02f7fc2b78104023907bd713e1ef10c3e29f07da6b516d8e6b94f26e4003ef81f3027b018273e9daba2b0bb8d8adb2c4635e768cf4ef8f6ea08f6ae838dab1ab45145020a28a2800a28a2800a28a2800a28a2800a28a2800a28a2800a28a2800a28a2800a28a2800a28a2800a28a2800a28a2800accf106a71e8de1fbed464202db40f27e438fd715a75e79f1a2f0da7c38bd40706e258a1fcdb3fd2937a0e2aecf99a594cb2cb712b66595cc8d9e793cd6b69569e16931fda5aa6a506465bc8b4040fc4b57a27c1dd06c751b0d6ae2fad21b888948424a99e3a9fe95d0eaff063c3f709e741f6ab124f489f728fc0d7953c6d3a726a49d96efa1dcedb1c9697a07c1f988f37c4b792123eedc1317fec95d7587843e123e0dbcd61719e9e65f139fd6b91baf81ee49fb2eb48476f361c7f2acb97e09ebc84f977da7bfa65c8cfe959acc30b3daad84e93eecf65b5f067c3e1836fa5e8efff00020ffccd6945e10f090ff57a1691f85bc66be7e93e10f8ba3fb91da37bace05556f86de3787a594c7fdc9c1feb57f58a2f6a8bef17b17dcfa5a3f0de8117fabd174e1f4b74a93fb0f471ff00309d3fff0001d2be63ff00841bc76bff002e77dc7a4e3ff8aa67fc219e3aff009f4d43feff00ff00f5e8e7a5ff003f17de83d83ee7d38fe1dd09f21f46d3883eb6e9555fc23e1539dfa1693f8dbc75f378f0578edffe5cefff001b8ffeca93fe15e78de53cd8dc7e338ff1a39e92ff00978bef41ec25dcfa0ae7c1de0320fda348d153d7855ac3bcf06fc2de7ce5d2a03dfcbbcdbfd6bc853e1278c67c168205cffcf4ba156e1f82fe247c79971a7c7f5949fe42a5e270f1deaafbc1527dce9b56f0dfc1f814e75e92039e96d7065c7e86b86d574ef01c596d2f5fd5e5f4125a023f3c8ae9a1f81f7d8cdc6b16ab81d238cb55fb1f84fa543837977713faac60460ff5a9799e1692d6773585093d99e4915cff0067ea315cdac8c4c32092372319c1c8e2bde56ff48834df3952351791063144324ee19fcb9af3df897e1bd3f448f4e934eb6582364657009249eb924f7a9fc3f299bc3f66e79223da4fd0e28c4386268c6ac5e8726329356b9a671b8edc819ef499ea72000324fa538e3b561789f50fb0e90f1a3626b83e58c7a77ff0fc6a29c39da48e6a69c9d91caeb37ffda3aacd383fba076c40f651d3f3ebf8d5cd22d3c2d3aa7f6c6ada8db67ef2c16a1947e39fe95a7e0cd0e1b8b7b9d42f6d96788feea3493a67b9fc2af5d784346b962d6d2cf6cc4f080ee1faf35eb256d8fa2a396d49d2528a3774cf0e7c29600aeb0d74c4f4ba9cc5fa60574f65e15f006c06decb4c9bddae3ccfe66bca64f87f37263d4613fef29155dfc07aaaff00ab9ad5be9263f9d5a7e43fa9568e8e2cf7887c31e18c029a26967d31129ab69a0e8d1636691a78fa5b2d7ceb27843c431f0a85b1ff003ce607fad37fb03c529d05d81ed37ff5e95c8fabd55f619f487f6369a7fe61965ff80eb50cbe1fd125ff005ba3e9cdf5b65af9d468be2af4bcff00bfdffd7a53a078a5fef2dc9facdffd7a7cc1ec2abfb0fee3df67f0b784b07cfd1f49407afeed52b0efbc29f0e867cf8f4e83fddbadbfd6bc7e3f07ebd37de017feba4c2adc5e01d51f1e6dcd9c7cf77cff002a4ddc6b0b59ed06749ace87f0b618cf95aeddc72f64b53e77f31fd6b80d56db4a824034bbcba9d33cf9f008f1f91ae913e1fba83bf50424768e3ebf9e2a0b7d22c6090064329070779e2959f436a595d79bd558e9fe0778905a6b93f86eee522dafff007901ce0acc3d3dc8fe55f435be9f15abef52ce7b138e3e800af8fb5049743d720beb23b1e2904d091d8839c57d6be17d7adfc4be1bb2d5edf8171182cbfdd6ee3f039ad62eeac78b8ca0e8d4699b4471d298cc157d29e6bcf7c41e1df13de6af3cf697cdf657e523f3caec1f4aa33c3518d69da5251f362f85bc4da96a3e2abbb3ba955adbf79e5a85c6dc1f5aefc13b8d786695a7ea577abbda584a62bc5ddb98498ce0f3cd7a5f83f4ad6b4c4b81abdd198363cb53217c7e2685aab9ea66b83a349f35392d969d7d4eae8a28a0f1028a28a0028a28a0028a28a0028a28a0028a28a0028a28a0028a28a0028a28a0028a28a0028a28a002bcabe3e923c056f8ef7f1ff26af55af33f8e96cd3fc3a79029261ba8a4e3b738feb49ec5d3f89187f0630be13bc3dcddf3f90af4fd52e637b20aae0b123806bc97e0aca24d0f55809f9a2995f1f55ffeb57aa1d251ad3ce524bedcfd6be5f112c43955a5049a68ec7c974db32f71ef464d2fafa834035f1ad72bb1de3b269bf5a28a2e1610fd051f852d1c54b9499437f2a7514da1c805c9a7e4d47454ad3526c12c8446c7d0565e7ad5dbb936db9f738acff5ad56aaece8a4ac9b3cefe2f0ce8d607bf9ce3f4ac4f0a13ff08f403d1987eb5abf17e602d74db6eec5a4c7e42b3fc351795e1db4f56058fe26bedf04ad97c6e79198ee6bd79deb772dacebfe45b82c8ac21880efff00eb35d8ebb7ff00d9da34f303fbc6fddc7f53fe1c9ac2f02e9fbef64d41beec1c2e7fbc7fc2bd0c1d3de44e5d87756aa4ba9dbe9705b69f15969dbd443161589efcfcc7f9d779e349341fec7823b2f21a72479461c1217d78ed517c3ed122b99a7bfb9855c463626e19049e4fe5c0ae7bc549671f89eee3b28d5235c0210606eef5e95ac8fa55cb5f1aa8c5b4a0ba6c6513fca9c307bd309ce29456763e86c3f029b4ea281586f14ee3d29b45031dc52e69945160b0edfcd73bab5b793785d462397e61f5ae83bd53d520f3ac491f7a23b85098d68d1ca6ab686ef4e908fbf0fccbf4ef5e81f00fc4c63b8bbf0cdc4876be6e6d413dff008c0fd0fe06b8e8b1bfa0208c107bd625b5d4de13f17daea301706d26132e3f8a3ee3f11914f667cd67f84b3f6896e7d91430cad55d3ef60d474fb7beb660f05c46b2c6c3b823356ab43e40e4742f07b693e20bbd4dae84a92eef2e30bf77273d6baea613d69dda82ea559557cd27762d14514101451450014514500145145001451450014514500145254534c9021676000f5a8949457349e834ae4b47359c357b52d8c9fae2aec722ba82ac083dc5654b134aa690771b84a3ba25a28a2ba090a28a2800a28a2800ae73c71a49d6fc15abd8a0ccaf6cc63ff7c723f515d1d308cae08c83d41a4f5434ec7ccff05b5516de2a9ec64385bc80a807fbcbcfe7d6be8ad39c342f11fe13fa1af967c536175e00f8993f91b9121b81756c47f1464e7fc457d1ba1ead0dec169a85bb6fb7b98c107d01ff0003c578f88fdce26337b3d19d6d7342e865dc3f67bb923ed9c8a831cd6eeaf06f8d6751965eb8ee2b109c8af8ecdb0bf57c4b5d1ea8ecc3d4e6821b4514eaf2eda9d037d68a7546b2c72676b838eb8a6937b0c75155beda3781e5fc99c6ecd5ba1c1a069adc6d1454771208a32c7a9e82928df705abb152f25cc8147451cd575feb41c9272792726a1d42fe2d274cb9d42620476f1990e7bfa0fc4e057552839c9423bb37d2313c6fe27ea1f6df17b5aa9245a462203fdaea7f535bf616c6d2c20b73d5220a7eb5c4e90b36bde2b37773f39321b8989fae7f9e05778f2a451bcae70aa0b9fc39afbb95354e9c28ae88f9ec5cdce76389f18def9d7f1d8a1cac032c3d58ff0080aec342d3ff00b3f48b5b5c7ef0af9927fbc7fc815c46896dfdb9e295698651a433483d873fe02bd97c25a77f69788e14719543e749ec0741f9e3f2af4a8c2c925d0f7b2b4a8519621f45a1e83671a785fc17be6fbd0c25dfdd8f3fccd78e4b234d3492c8499189624f726bd27e25ea612d2df4c56e656df201fdd1d3f5fe55e70a3e5ade4cf4321a4f9258896f2603b53e9829f507bec29d4536900ea6d145001453aa8cda82437ab6c62625b1f303eb4016fad1ea0f4239acad5ae6686711ac8d147b7208ee6af69f249358c7249f7cf73de9680d697306688db5dc919fe13c551f125b79da7a5da8e623b5bfdd3ffd7ad7d6062fc37aa8cd43b45c59cb6c707cd52bcf63da9b574638ca4ab61da7b9e9ff00023c46753f0a4ba44cf99b4d930993c989b91f91c8af58af957e126b32787fe245adb48c521bdcda4aa7a67a8fd40fcebeabab4ee8fcdab43926d0514514cc828a28a0028a28a0028a28a0028a28a0028a28a0028a28a004ae7b54cdcea0b0e48515d0e2b1f54b775945ca0c91d6bc9cd54dd0d36bebe86f41a52243a4db793800eec75cd43a44c565961272074a85b5991a2f2d50062319ce6ad6936924599a51866e0035c349c278983c2ab25be9a1ac949537cef7d8d7a28a2be90e30a28a4c9a004efc8a31ec2b2a7f106976b71f669af615947552fc8ad4560e0302083d08aa69a338548c9b49dec3e8a28a9343ca7e36f835b5ff000eaeb163117bfd3416200e6487f887e1d7f3ae1be0f78be3f9bc377d2e15ceeb4627bf75fc7ad7d18c0382080411d0d7cc5f153c013f8375cfedbd211d74ab87de853fe5da4eb8f619e47e55cd89c3c6bd37166f46a59d99f45e9f76268fecd37fac51dfb8acfd474e781ccb08cc64e48feed79e7c3ef8810f89e04b2bc9443ad42bc1e9e7e3b8f7f6af51b6d515d3cbb9c2b8ea4f435f3b5e14eac1e1b17a496ccdece0f9a9eabaa30860fd68e454970e8d3c9e58c293c62aa7dae32e106e009da091c1af919d3b49a5adba9e846ed5cb039fc6a1863b7b727f78327d4d32fa4750235382dd48aa54e3a2358536d6e5efb1c3bf782482738cd367bcf2dcaa0048ea4d4569232ca1392a7b7a532e10c739e98639146e34bdeb3d4b50dd860778da40fcea9cf319a4c9e00e8292803348d141277002bc9be28789c5dcc342b4933140dbae181fbd2765fc3f9d743e3cf1cc7a2c12699a7c81b51618771d211fe3fcabcebc35a33df5cfdbaeb2d0a36464ff00ac6ff015f5593e5fecbfda6b2b7647062f1092691bbe1ad28e9fa68965189ee3e67cf61d87f5a9b5f94c5e1fbc71d4a85e3dce2b50f3c550d62033e8b79128cb797903e9cd7a709b955e6678d7bbbb31fe1fc09e7dfdc9fbea8235f6cfff00aabdafc0b7fa7d8adc9b8992298e3ef1c6547ff5f35e1be04bc0ba8cf664ff00af4ca7d47ff5abbb6dc7e4af5e9bb1f6386c347158354d3b772e788b551acf886e2e9093164471e7fba3fc7ad66ff153820068c0ce2abadcf728525469aa71d920a752e293141b0da752e2931482e368a762b3750bb9a0b810c65231b77179075a016ba1a159d3ea76d0ca40432b2f71daa49ae247d1ccf8db2320ce3b66b9daa8ab95157dce860d46dae8889d36b13c0906734cd56ea4b78d228ced66e491dab06b5efe68a6d32d9dcffa491918f4e873435661649a328b331259893ea4e6a68b20d57c55d8a2c807d39a73d8753489caea133e9fe2c8ee6225648a78e504763906becb8a4f3218dffbca0e3eb5f1bc76cfaef8d6d6d22e5ae2ed621f4cff00857d968a11028e806052a7b1f9b660d3aceddc7d14515471051451400514668a0028a28a0028a28a0028a28a0028a28a00282334514b7023f2630721173eb8a93145152a118ec8028a28ab00a63e7071d71c53e8c50291e17790cb06a1716f751b79fe69c82325b27f5cd7aef86e19a0f0f5945720895621907a8ab938b7894cf388c2c60b19187dd03deb8a93e32781a291a33ac13b4e32b0b91fcab7ab88734a2fa1e760b2efab5494d3bdcf40a2b94f0ffc44f0c789af8d8e97a9acb7582cb1152acc07a67ad7457b7b6da759cd797732c36d0a969246380a05607a459aa7a869d69aad8cd657d02cf6d32ed9237190457127e34f814395fed66e3b881f07f4a7ff00c2e8f027fd064ffdf893fc29683b33c6fc7bf0bf53f05ddb6ada41967d295b7acc9feb2dff00dec761fdeadcf097c5d8a58e2b2f1264c80616f54673fef0fea2bd125f8c9e03910c726a85d5860a9b7620fe95e4be2db4f873aacb2df787758fecfb93f31b668184321f6feeff002ae3c5e169622369ab9d5466d3b347b3c177677902dc5b4d1cb0b0f9648ce41a885a4492871365739084f15f37e95e22d474397ccb0be92039e510e54fd477aedf4ff8bf2ae06a9a647300399203b4fe46be5abe43562ef45dd1e829a5bb3d62fd41db202a70306aa6c3e95c941f15bc2d301e6bddc0c7aac90e71f9559ff8597e12ff009ff93fefc9cd79cf2ac52767066f0ab14ad73a5008208e08a7794e4924924d71f3fc56f0bc20989eee73e822db9fceb9cd4be305c36534cb08a01d9e53e637e5d2b7a592e224f556f5075e2b53d3e7961b181ee2ea548615eaf21c015e67e2bf89de624b65e1ec81d1aec8c13fee8feb5c26a9e20d475a93cdd42f64b839c8563c0fa0aad6d7296b70261143295fe098641af6f059352a0f9aa6aff039eae21b5a1ada278727d524fb6df1616ec77124fcd2ff00f5bdebb6485228d2344558d4602018c57350f8ed38173623a63744f8c7e06aec5e33d1e4ff0059f6988fbc79fe55e8548d493db43c9aaaa49dd9b3b28d9ea0608acdff0084b3433ff2f320ff00b6468ff84b343ff9fa6ffbf46b2f632ec64a325d0e42fed6e3c3daf89a2f942c9e6c2fd88f4fe95dd5b7882c2fed05c2332311f3a019da6b1356d7bc3daa599b79669b775574873b4fe3dab92b6bf6b39c4b6f2e1875cf46fad77d36edaa3dfcb31af0eed25a33d37fb5acbfe7a37fdfb34dfed5b3fefc9ff7ecd7276fe27b19401730989fbb20c83560eb5a576b83ff007ecd6a9a3eaa9e370f257e63a5fed6b3ff009e8dff007c9a6ff6b59ffcf46ffbe4d735fdb5a5ff00cfc0ff00be0d1fdb5a5ffcf7ff00c70d55d1a7d670ff00ce8e9ffb5acffe7a37fdf268fed6b3ff009e8dff007c9ae63fb6b4bff9efff008e1a3fb6b4bff9efff008e1a7742fac61ff991d3ff006b59ff00cf46ff00be6a39750d3a6c79a03e3a663e95ceff006de95ff3dfff001c349fdb5a67fcfcff00e3868ba0face1ff991d14da8d84d0343bc85230004e958257d3a76a8bfb674bff9f9ff00c70d1fdb3a677b91ff007c1aa5348d218bc3afb689314b83fe150ff6b697ff003f5ff8e1a06b5a50e4ce48f40a69f3a34fae6197db45a54690e00cd45abdf8d3ec4c2a7f7f28c01fdd1eb54ee3c4d160a5847b73c79b275fc0553d363d32ff0056886b3a835a599f9e69821918fb0c773594a77d0f1332cde2e0e14b5f33d07e05783deff5793c4f7519fb35ae63b5247de94f53f80fd4d7d135e63a4fc54f879a469b069f637e60b68176c6a207e3f4aeeb46d734ef10e9b1ea1a5dd2dc5b48481227a8ea3d8d68b447c5d46dbbb3528ae7bc47e33d07c28b17f6cdfa5b34b9f2d76962c07b0aabe1ff00887e18f13de1b2d2f53596e429611152ac40eb8cf5a2e4599d5563ebbaadc6956f1c9069f3de166da561fe1f73ed5af9c0e690a075e6a934999544dc5a4f53cf3c15afdf1df6af6b7978b2dc9cdc67221cf624fa57a28accd1f45b4d16de586cc305925694ef39e4ff004ad3cd39b527748cf0d4e74e0a337762d1451527405145140051451400514514005145140051451400514514005145140156fece2d42c2e2ca5cf953c6636c7a118af1697f674b6f34f93e2194444f46b604ff003af73a2934869b4796f82fe0d59784b5f8b593aa4d77344084431051c8c66bbed7b46b7f10e8779a4dc9610ddc663764ea2b4c900127a0ac2bcf1978674f731dd78834d8641d51ee9323f0cd16b036dbb9e5327ece70e4f93e22900cf47b607fad43ff000ce23fe8636ffc05ff00ebd7b469baee91abe7fb3753b3bcc0e7ecf32c98fcab4a8b21f3b3c1ff00e19cbfea633ff80bff00d7a77fc33aff00d4c8dff80bff00d7af75a28e543f692ee7847fc33a1ffa190ffe037ff5e93fe19cdffe8653ff0080bffd7af79a2972a1fb59773c1bfe19c7d7c487ff0001bffaf4bff0ce23fe8647ff00c06ffebd7bc514ec85ed25dcf06ff8671ffa990ffe037ff5e93fe19c4ffd0c7ff92bff00d7af7ae68e68e543f6b2ee7837fc339bf6f12ffe4aff00f5e8ff0086757ffa1907fe02ff00f5ebde79af3ef883f1374df01882de5b66bdbf9d7cc4b78db6ed4e9b9cf605b8ef9c1a39107b5977388ff86747ff00a193ff00257ffaf47fc33a39ff009994ff00e037ff005ebd0fe1e7c41b4f1f69d733456ed6b756cc166859b70191c107b8383f9576b472a0f6b2ee783ffc33a9ff00a191bff01bff00af47fc33b3ff00d0c7ff0092bffd7af78a28e544fb467837fc33abff00d0cbff0092bffd7a3fe19cdffe8621ff0080bffd7af79e6931472a295592ea783ffc33a1ff00a18fff00257ffaf47fc33a37fd0c9ff92bff00d7af79a297221fb6a9dcf06ff86723ff004327fe4aff00f6747fc33a1ffa193ff257ff00af5ef3451ca83db4fb9e0dff000ce8ff00f4327fe4afff005e8ff86746ff00a193ff00257ffaf5ef3451ca83db54ee7837fc33a37fd0c9ff0092bffd7a3fe19c9bfe864ffc95ff00ecebde68a39507b69f73c1bfe19d0ffd0c9ff92bff00d7a3fe19d0ff00d0c9ff0092bffd7af78a29f2a0f6b3ee783ffc339ffd4c7ff92dff00d7a3fe19cffea63ffc96ff00ebd7b4ea5a9c1a6c4924cacdbced508324d334dd66df518659230cbe51c38718c56778ded7d46a755ae6e878d0fd9d48ff009993ff0025bffaf4e1fb3b9efe243ff80dff00d7af513e33d3ce7114e4763b3ad1ff0009958ffcf19ff2158bc4504ecd9bfb2c4b5b33cb47ecec33cf895f1ed6dffd7af50f057846d7c17a08d2ed6e24b85329964964182cc7af03a7414eff0084cac7fe78cdf90a77fc26165ff3c66fc8552c4d05f6910f0d887bc5989e3df86565e3ab9b5bb9afe6b3b8b78cc6ad1a060c09cf20d667833e0dd8f84fc411eb0355b8bb9a252b1a346100c8c1cfad759ff09958ff00cf19bf2147fc26363ff3c67fc851f5aa3fcc2fab574adcace8f3467deb9cff0084c2cbfe78cff90a3fe132b2ff009e337e428fadd1fe617d52b7f2b3a4fc68ae6ffe132b2ff9e337e428ff0084cacbfe784ff90a3eb547f9907d4eb7f2b3a5a426b9bff84c2cff00e78cdf90ab367e26b2bdb94b75595247fbbb8706aa388a72764c52c3568abb89b945028adcc028a28a0028a28a0028a28a0028a28a0028a28a0028a28a002b90f1af8fb47f02e9cb2dfca65bb707c8b443fbc97fc07b9fd4d33c7fe3cb2f03682f772e26bd9731da5b67991fd4ff00b23b9fc3ad7c93ab6aba8f893579750d4677b9bdb87ea7927d140f4ec00a00e93c59f12fc4be3299d2e6edadeccb616cad4948ff001eec7eb9fa0ae8bc25f01f5dd7204bcd6251a55ab8cac6e9ba661feeff000fe3cfb57a0fc2af84d1787a0835cd7e05935861ba1858645a8edff6d3dfb7415ec3401e26dfb3d59d946b3e8fe24d42db508f949980c03ff01c11f9d5af07fc40d6b45f140f04f8eb61be242db5f86e25cfddc9ee0f66e0e782335ec55f3dfed1d1adbea9e1dbe88edbaf2e55dc3a808548fd58d007d094564f86b513acf85f4ad4df96bab48a63f52a09fd6b5a800a28a2800a28a2800a2a19e68eda09279582471297763d80e4d7906b3f1dedae58d9783b48bcd56f9b846784851efb47cc7f4a00ee7c71e37d3bc15a1497d76e24b8932b6b6c1f0d33ff00403b9edf5af92754d4f54f18788a5bcb8f36eb51bd9000b182493d02a0f4c60015ea169f0a7c73e3bd5ceafe2dba3622439266f9a5dbe8918e107b1c7d0d7b1f847e1cf87bc1b186d3ed37de15dad7738dd29fa1fe11ec314018df087c092f837c3723ea000d4efcac9328e7cb03eea7d46493ee7dabd228a2800a28a2800a28a2800a28a2800a28a2800aa57dab586968af7f7d6d6aadc299e511e7f3aba7a57c97f1a2db578fe235f4fa92c86d9d80b37232862c745fa1ce47ae6803eaf8668ee224961757471956539047b1a96bc73f67eb5d62dbc2d7ed7c93269f24cad66b2023b7cecb9ec78f6c835ec74005145140156f2c6defe2f2ee62122839c1a6d9e9f6b61098ada158d58e481deae5151657bd87776b18e7c35a4b124d9ae4f3c1349ff08c691ff3e83f335b147e153ec61d917edeaafb4cc7ff00846749ff009f41f99a3fe119d27fe7d47fdf46b628c54fb0a7d907b7abfcccc7ff00846749ff009f51ff007d1a5ff846b4aff9f41f99ad7c518a3d852ec83dbd5fe6663ffc233a4ffcfa0fccd2ff00c235a57fcfa0fccd6bd18a3d853ec83dbd5fe6663ffc233a4ffcfa0fccd1ff0008ce93ff003e83f335b18a3147b0a5d907b7abfcccc7ff00846b49ff009f51f99a9edf45d3ad6613436a8241d1bd2b43f2a31f4ab54a09dd213ad36acdb1c28a28ad080a28a2800a28a2800a28a2800a28a2800a28a2800aa9a95fdb695a75c5fde4a23b6b7432cae7b01cd5baf0cfda0fc5c6dac2dbc2d6cf87b9c4f75b4f4407e45fc4827f01401e3de39f16ddf8d3c4d73aa5c174849f2ede127fd5443a0faf73ee6bd53e077c380c22f176ad0e79ff00897c2e3ff229fe43f3f4af3af869e0b7f1b78b21b7955869d6d89af1c7f73b2fd58f1f99afafa0863b6823860458e28d42aa28e140e3028027a28a280035f2cfc7ed6d751f1f269f13e63d3adc4471ff003d1be63fa151f857d27af6ad6da0e8779aaddb1105a44656e7ae3a0fa9381f8d7c73a7db5df8e3c770c7292d73aadee6523b6e6cb1fa019fca803eb7f025abd9f80740b79789134f8770f43b05745514312431ac518023501540ec0566f88b5fb2f0ce8775abea12f976f6eb9207563d947b93c5006bd15f3c69dfb43ea72f88625bbd1ed134b9640a5622cd2a027ae73827db02be87ed400515e65f137e2a45e05920b1b2822bcd5255f30c72390b0a76271c927d3f1a93e187c4e3e3d4bbb6b8b21697f68a19c46c4a3a9e3233d0e7b1cfd6803d24804608c8f7aab67a759e9f1b259da416ca4e48863080fe556abc43c51f1f62d2b5d974fd2b4a8efa0b690a4b3c93edf31875d981d3b64f5f4a00f6fc5158be19f105b78a3c3965ad5b46c90dd47b82c9d5482411f81079adaa0028af1bf1e7c6f8fc31afcba4e916315fc96c76dccb2484207fee8c75c773ebc5773e03f1943e37f0da6af15b98241218a584b676b8c6707b8c106803aba2bcd7c53f16ecf49d50689a158cbae6b25b63436df7233dc123393ec3a7722b89d5fe35f8d7c37a9c76dae7866cad37a8916162c19973d43648ec45007d0145721e06f1de9de3ad25ef2c8490cb0109716ce726327a73dc1e79f6ed5bbab6b5a7681a74b7fa9ddc56b6d175790fe83d4fb0a00d2a2bc725f8a1e2ef144929f027854dc59c59ff004dbd180f8f419033ed927d8545e06f8d375a9f8897c3be26d3e1b2bd798c292c594024dd8f2d90f439e339ebda803da28a28a002a39218e5501d158039c30cd79c7c48f8b16de06b982c2dad05f6a12c7bde36936ac4bdb3ee79e3daaefc36f88f17c41b2bb26c4daddd99413207dca4367041fc0f06803bd00018030052d1450014579af8dbe31e85e13b996c2dc3ea5a927de861701223e8cdebec327e95e64bf1c7c77ae6a2b6da369969bcfdd82ded9a663faff85007d2f45790f863e2a6af06b769a278df446d26e6f0edb6baf29a38ddbd086cf5381907a9e40af5ea0028a2b92f17fc42d07c1706755b9dd72c37476908dd2b7e1d87b9c50075b457ce7a9fed0fad5ddcf95a1e876d086384fb41699dbf05c73edcd6c43f13be2468b68ba9f88bc201b4be0bc91c2d13a0f53c9c7e207d6803dd28ae1f5df895a3695e038bc536eeb710dca8169096dad2487f84fa63073e98ae1bc05f1bb50f1178aedf48d5f4eb58a2bc7290cb6db8146ec0824e41c633c5007b8d14514005145140051451400514514005145140051451400514514005145140051451400c7711a17721540c927b57c4fe35d7dfc53e31d4f562cc52798f920f68c70a3f202beadf899a99d23e1c6bd771b6d7fb318948ea0c9f2ffecd9af95bc15e16d4bc5fae1b0d29d22b88616b812392146de9cf6c9205007d39f0abc203c23e0bb68268f6dfdd813dd92390c4709ff01181f5cd7775e65f0ebc7b7fa8ea13784fc57035a7892cfd4002e140ea31c671cf1c11c8af4d073400514564f88f5db4f0de8179ac5ebe20b58cb919c163d947b9381f8d0078efed09e2d11db5b7852d5fe7948b8bbc1e8bfc0bf89e7f01547f67af08992f2ebc55751feee206ded323ab9fbedf80e3f135e636f0eabf11fc79b73befb529cb39c711af73f4551fa57d83a068d69e1fd12d349b25d96d69188d3dfd49f72727f1a00d2271d7a7ad7ca5f187e209f16ebc74fb0949d1ac5888ca9e2793a17fa761edcf7af56f8dde373e1df0dae8f652edd435352a483cc70f463f53d3f3af03f02f84aebc69e26b6d2a0dcb0ffacb8980ff005510ea7ebd87b9a00ef7e08fc3dfedcd493c4ba9c59d3ed24ff468d87fae9477fa2fea7e86be88d5753b6d1b4abad46f5c25b5b219246f61fd68d334bb5d234eb7d3ec6210dadbc6238e31d80febef5e1bfb4078d77345e12b2978189af883f8a27f5fca803c6fc4daf5d7897c477dac5d6ef32ea42e173f717a2afd00007e15f4efc1df06ff00c22be1049ee23d9a8ea389a7c8e517f853f0073f526bc3fe0f7833fe12bf18c52dc47bb4dd3889ee323863fc09f8919fa035f5c74a00e0fe2bf8b47847c117534326dbebacdbdae0f2188e5bf0193f5c57cade1ad06ebc4de22b1d1ed33e6dd48109c6762f5663ec064fe15da7c6bf161f1178da5b3b793363a66608f078693fe5a37e7c7e15e87f007c19f63d265f145dc789ef3315ae47dd881e5bf1231f41ef401ebfa4e9b6da36936ba759c7b2deda31146bec3fce6aaf8a3598fc3be19d4b5791940b481a419eeffc23f1240fc6b66bc53f686f10fd93c3b61a0c6ffbcbd97ce940ff009e69d3f3620ffc06803e7bb782f35cd5a28220d3dede4db54777918ff526bdf750bcbbd12c6c3e177811bccd5767fc4c2f9381067990e7b139ebd8600e7a7977821e5d115f58b5b7371ad5c39b2d1e10b93e6b0c34b8ff00641007bb7b1afa3be1e78221f06e8e7ce227d62ecf9b7d74e725d8f3807d064fd4e4d004de09f02e97e06d2d60b38c4b79201f69bc65f9e53fd07b7f335e15fb40eaf1dff8f61b18c83f60b558e420ff00137ce7f42b5f48ebdabdbe81a25e6ab76db60b488cadcf5c741f52703f1af89756d4e7d6756bbd4ae9b74f752b4b21f7273f95007ad7c0fd4ed3c2fa2f89bc47aa4de5584421847abbfcc7681dcf23f3ae8b43f0deaff16b578bc4be2c125bf87a33bac34c048f317d4fb7fb5d5bb605617c28f01dc78b6c2c6f75b8caf876c64692dad0f02ee63f79dbd40c01ef8c7ad7d16a8b12055002818000e94019b7975a7786f4196ea5096ba7d8c25b646800451d801f962be3eb6bbbbf127c4682f914add5fea8b2803f859a5c8fcbfa57a57c76f1efdbefbfe112d3a5cdbdbbeebe61d1a41d13e8bd4fbfd2b2fe02f855f55f16b6bb3479b3d307ca4f46998600fc0127f2a00fa82a9ea5a8db695a65d6a376e23b7b68ccb2b7a0033572bc43f682f170b4d26dbc316b28f3eec89ae80eab10fba0fd5b9ff80d00785f8935cbaf147896fb57b80c65bc98b04ebb474551f41815f547c2bf070f07783a0b79900d42eb13dd9ee188e13fe0238fae6bc3be09f843fe123f1826a1751eeb0d2f1336470d2ff02fe609fc3debeaca002bc53e32fc519344593c37a1cc535075ff004ab853cc0a7f857fda239cf607d4f1e91e34f1245e13f0a5f6b126d2d047fb9527ef487851f991f866be371fda1e23d740f9eeb50bfb8efd5e473fe2680373c0fe08d4bc71af2da5b031c0986baba65dc224fea4f61dfe95f56785fc1fa3f8434d5b4d22d563e0799337324c7d59bbfd3a0ec2a2f02f84ad7c19e1ab6d32008f363ccb9980e6594f53f4ec3d85717f18be24ea7e0d169a6e8f0ac7717713b9ba9173b0671851d33f5e9c7140181f1ef5a82fb55d0bc3963897508a7133ece4c65b0117ea7ae3d857bc461844aae72c00c9f7af9c3e0c7832f3c43e253e2fd63cc92dada5324524d92d713ff7f27a85eb9f5c7bd7d173cf15adbc9713c8238a252f2313c281c93401c6fc4af1ddb781b4069d024baa5d652d213dcf763fec8e3ebc0af936f2ef51d7b5679ee1a5bcbfbb7e4fde69189e83f3c6056d78f3c5b378cfc5d77a9b33fd9f3e5dac67f8221d3f13d7ea6bd4be03fc3ec95f17ea70f0094d3e371f8197fa0fc4fa500763f0c3e175af846c63d43528a39f5c9572ce4645b03fc2befea7f0e95e8f3c514f0490ce8af0ba957461c107ae7daa7af3df8c3e2b1e18f02dcac5205bdbfcdac183c8cfde6fc173f891401f2cead7521964d2e2ba7974eb3b998daaeef94027923ea1457b6fc04f0208d0f8bafe2f9db2960ac3a0e8d27e3c81f8d7907827c31378bbc5763a3c79092b66671fc118e58fe5fa915f68d95a5be9f6505a5ac4b15bc08238d00fbaa3802802cd1597acebfa5f87acc5deaf7d0d9c05b68694f53e83d6afc52a4d1ac91b068d8065607820d004b45145001451450014514500145145001451450014514500145145001451450079afc76623e16df01d0cf083ff007d8ae33f66dd346cd775465f9b315ba1fcd8ff00ecb5e8df1774c6d57e17eb5146a59e2884e00ffa66c18fe80d719fb384a87c27ac4608deb7c188f6283fc0d006d7c5ef0c4b75a645e2cd1f316b7a2913acb1f064887247be3afd323bd759e09f1441e30f0b59eb11615a51b668c1ff005720e187e7cfd08adf96249a268e440c8e0ab29ee0f5af04f86da91f01fc54d63c1375215b2b9b922d771fbafd63ff00be9081f502803e80af9a3e3af8e9759d597c37a7cdbacec5b37050f12cde9efb791f527d2bd1be2e7c498fc23a63e99a7cc0eb574984dbff002ee87ac87dfd07e35c0fc1cf8672eaf790f8ab5c84fd8e36f32d21957fd7b7fcf439fe1079f73edd403b8f831f0fff00e117d13fb6351880d5afd070473045d42fd4f04fe02bd46e6786d2de5b89e411c312191d8f4503926a6af2cf8efe207d1fc04d630b309b53944191da31cb7e7803f1a00f9efc6be249fc63e2fbed51b7149a4d96f1f5db18e107d71fa935f4bfc29f032f82fc2ca2e631fdab79896edc8fbbe89f80fd49af19f819e105f1078b4eab771eeb2d2f1200470d31fba3f0c13f80afa76eaee0b1b496eae655860890b4924870140ee680307c79e2cb6f06f85aeb5497634c3f776d1138f3253d07d3b9f606be34bebeb9d4f509ef6ee569ae6790c92bb1e598f5af5bf1fea73f8e34bd4bc5974b2c3e1db16fb1e8f0b7cbf69998e0ca7d8004fe007ad72ff08fc2ff00f093f8f6ce3963dd6767fe973fa10a781f8b607d33401f43fc2cf0a0f09f81ecada58f6df5c8fb45d1239deddbf0181f81aa7f173c70be11f09c91db4a1755be062b600f283f89ff0001fa915d6f88b5eb1f0c68b71ab6a3288eda0193eac7b28f524d7c8fe3ad575bf11ea51788f5653145a887fb1c24f090a9c0c0f4ce79ee41340147c23e1db8f1678aac34788b7fa43e6593aec8c72cdf80cfe35f6a5959c1a7d8dbda5ac623b782358e241d940c015e25fb3bf86445a7dff89678ff00793b7d96dc9fee0e5cfe2703f0af69d4350b3d274f9afafa7482da05dd24ae70147f9ed4015b5fd6ec7c39a35ceaba94c22b5b65dce7bb1ec07a9278c7bd7c71e2ef12ddf8bbc4775ac5e120cadb5230d911463a28fa0fcce4d7ac6ad7d79f14e5d435ebb496dbc13a1472cb1447837922827f33c7fba0e07249ae0be177835bc6be308a19d4ff0067db7efeec8e8573c27fc08f1f4cd007aa7c0ff033c1670f8ab558ff007f226cd3a261feaa2eeff56c9fc093debdbaa38a2486358e350b1a8c2aa8c002a43d0d007847ed0fe27686cec3c336f2733ffa55ce0ff00e107e2727f015e6ff000c3e1fcbe38d757ed2244d26d486ba95472de9183ea7f41cd47e2692f7e22fc53bb4d3d4cd25e5d7916e0f411af00fb0c0cfe75f51784bc3167e11f0e5ae8f66bb9621ba4948e6590fde73fe7a605006cdada5bd8da456b6b1243042a1238d060281d00ae3be28f8d17c17e129ae21917fb46e8986d149e8dddfe8a39fae077aee6be4df8d9afc9ad7c45bbb55726df4c516b1a83dfab9faee38fc0500713a5e99a878935bb7b0b30d3dede4bb4163d49e4927f324d7d91e11f0c59f84bc3569a3dae08847ef242399643f798fd4fe9815e7ff0004bc00ba168e9e20d421c6a37e998438e6184f4fa16e0fd303d6bd1bc45e24d33c2ba4cba96ab7221813a0eace7fbaa3b9a00a5e35f1759f82fc3f36a974cad27ddb7b7dd83349d87d3b93d80af8f757d52f75fd5ee352bd95a6bbba937b103a93d87b0e062bd53c636daaf8a3c37a978f7c4c8f6b668a20d1b4d248dbbd80f30fe193ee40ec00ae7fe0b78647887c7f6f3cf1eeb4d357ed3202382c3ee0ff00beb9fc2803e84f86be125f07f82ecec1d00bc9079f747fe9ab751f80c0fc2bae621412480073934eedefef5e31e35f17dff8df5a6f01f831b7191b66a3a8293e5c69fc4a08ec3a13dfa0a00f3bf8c7f10478b75e1a769b316d26c588460789a4e85fe83a0fc4f7ad4fd9f7c37fda1e27bad7674dd169b1848b3ff3d64e33f8286fcc552f8c1e09b2f06d8f8760d3a326030cb1cb311f34b2820966f739e9d80c57a1fece8918f03ea120c79afa81ddf411a63fad007b1567ea9a2697adc0b0ea9a7dadec4a772a5c442400fb66b428a00821862b686382189228906d448d30147b01d05785fc73f8881124f08e9730dcdff210950f41ff003cbebdcfe5eb5da7c44f1f4ba22a7877c3c8d79e26bef9218625dc6007f8cfbf700fd4f1d7ca7e22fc3fff008443e1de99753bfda755b8bedd7f75d4966424283e8083cf7249a00e1bc0de1697c61e2fb1d210b085db7dc38fe08872c7ebdbea457d9b676b058da43696d12c5042a238e351c2a8e00af0cfd9bf4b8cc3adeaccbfbddd1daa1f41f78ffecbf957be50019c57c87f17bc627c5de3497ecd26ed3ac336d6d83c360fccff0089fd00af6ff8b7e2f9b4fd3e1f0c6884cbaf6b1fb98e38cfcd1467827d89e83f13dabe5d8b4cb89b598f4b451f6979c5b803bb6edbfce803e85fd9f3c302cbc3f71e239d3fd22f98c50923a44a79fcdb3ff7c8af649e68ede179a6709146a59d98f0a0739aa5a26976fa268765a5db0022b4856253eb818cfd4f5fc6bcabe22f896fbc5fae27c3bf0bb6e9e66ff8995c2fdd8d4755cfa0eff80eb91401970432fc6af88ed7b2ee1e14d1db6c687a4c73fcdf193e8a00eb5ef291ac6815142a018000e958de18f0e58785340b6d22c23c4308e59873239eae7dcfff005ab72800a28a2800a28a2800a28a2800a28a2800a28a2800a28a2800a28a2800a28a280229a08ee61786550d13a957523a835f3e58adefc0ef1ddd3dcdb4f71e16d4be513a0ced00fcb9ff006972463b83915f44541716f0ddc0d0dc451cd1370d1c8a194fd41a00e66d7e257832e6d16e53c4ba72a63eec92846ffbe4f35f3c7c5df10e8bad78e61d5fc397ad2c89120965542a048878209ebc639f6afa126f85de08b994cb2786acb7939fdda951f9038acbf19fc32d1b52f04dee9ba3693656576079d6ed0c4109917b138e84647e3401e61f0abc0b6be3cbdb9f14788f505d40c771fbdb42d9777ea0cbfecfa01d718e9c57d1f1c49146a91a854030a00e00af8bfc23e29d57c05e233796ca7287cabab593204801e54fa107bf635f567847c73a2f8d2c167d2ae97ce0332dac8712c47dc7f5191401d4578ffed05a1dcea5e12b3d46d90c834f9cb4ca07223618ddf4040fcebd8298e8b2214700a918208e0d00786fc29f1a783fc27f0dd45fea90c37ad3cb2dc42a09918e7030075f942fb5491cfaf7c69d45636867d27c1503869327125e11db3dff000c81ea4e2bd197e1b78316f3ed83c37a7f9c4eee62cae7fdde9fa574f14490a2c7128445180aa3005007997c62f0f2b7c2892d74bb711c1a6bc72ac518c05897838fa039fc0d703f073c51e17f06f86356d4f56d4238efa79820b641ba568d07181ee5cfb715f463a2c8851802a460823835ccdafc3bf07d9ea06f60f0e5825c6edc1bcac807d81e07e1401e7365a06b7f17f5ab7d6fc450cba7f85eddb759e9e58869fdcfd7fbde9c0f5acefda17c3cf15b689aa5a4016ceda3368c1170231c14fa0ea2be801c556bbb3b7bfb492d6ee08a78251b5e295772b0f706803c93c23f12bc1de11f869a45bcba8896ea1b6f9ad2052d29909248f41c93c9c5574d03c53f16afe2bdf11acba3785a36df069ea712ce3b13f5f53f80ef5e8ba5f803c27a35d0b9b1f0fd943383912795b8afd09e9f8574f401e69f16fecbe1df83f7d63610a410308ad6289060282e33fa034df81fe1b5d13c016f7b220175a9b7da5cf7f2fa463e98e7f1aef755d234fd72c5ac753b48aeed588262946412391566de08eda08e1851638a350888a30140e001ed4013d6278b2eae6cfc23abdc5a46f25ca5a4a6254193bb69c62b6e8a00f19f80fe0c3a568d3f88afad8a5e5e1296fe6260ac23bf3d371fd00af66a28a002be53bbd274e8be3f5ddb789a64b7d3cea325cc8d39c2ba1cc8809f43c0fc715f56573baf7827c3be2868e4d674982ea48c611ce55c0f4c8c1c7b50072dab7c60d1d661a6f86209f5fd564188a0b443e58f72fe9f4cfe14cd17e1fea7ad6af1788fc7d7297b7a9ff1eda62736f6c3e9fc47fc926bb9d1bc3da3f87e030693a65b59c67a886300b7d4f53f8d6ad0070bf16f439f5df871a95ada465ee62d93c68a396da7240f7db9af2af81be28f0df86349d6a5d635282cee66963da24072c801e98ebc93c57d1e6b959be1e7846e3527bf97c3d6125d39cb3345c13ebb7a67df1401c0eabe27f127c5391b4af06433e9fa1b7c975ac4e0c7e60eea9dff0001c9ef815e83e0df06695e0ad216c74d8c976e66b8907cf337a9f6f6ed5d1430456f0a45046b1c6830aaa3000f6152d00729e3cf07c1e34f0bcfa54ceb14c0f9b6d315cf9720e9f87241f635e31f0e3c4373f0abc4d7de1ff16dbc965697643099972b1b8e03823aa1071919c607bd7d2554b52d26c356b636fa8d8dbde427fe59cf10907eb4018b37c42f07dbc02793c4da5ec3fddb9563f90e6b8fbff88bacf8bddf4cf879a6cd36ef964d62ea331c10ff00bb9ea7ebf91aeae0f869e0bb69c4d1f8674ef301c8dd16e03f03c574f0c11410ac5122c71a8c2a20c003e9401c77827e1f597854497d3cad7fae5cf373a84dcb127a85cf41fa9ef5a5e35f0cc3e2ff0009df68f210af3266190ff0483953f4cfe84d74945007ce9f093c403c01e22d5bc2be282ba7199c3a4931da8920e3af4c30c107a715dff8b7e3068fa4c22cb4074d6f5998ec860b5fde2063d32475fa0e4fb5761aff0084b42f13c61358d2e0bc2a308f20c32fd18722a1d0bc13e1bf0cb19346d1edad65231e6805e4ff00be9b271401c8fc37f00df585fcde2ef1548d71e22bd24e18e7ecea7b7a671c71c01c0af31bad0ed7c13f1f6d64d56416fa4b5d9bc8679785da41239f66e3f0afa7ab2b5af0f691e21b6106afa7417b129ca8953254fb1ea3f0a00f35f127c4dbaf10dc9f0e7c3b492ff50986d9750404456ea7a904f7ff0068f03b64d759e02f0158f81f4828aff68d42e06ebbbb3d646f419e8a3f5ea6ba1d2745d2f43b4fb2e9561059c1d7641184c9f7f53f5ad2a0028a28a0028a28a0028a28a0028a28a0028a28a0028a28a0028a28a0028a28a0028a28a0028a28a0028a28a00f14f8abf0824d7e793c41a0aa0d45866e6d48da273fdf53d9bd8f5faf5f9fe7b7d5340d4b64d15de9f7b11e8418a45fa77afbaea86a3a369bac41e4ea5616b7910e8b7110907eb401e47f03fc73e20f11dc6a1a5ead33dec56d0ac91dcc83e6539c6d2ddf3d79e783d6bdaea8699a469da2db9b7d32c2dace127718ede20809f5c0abf40051451400514514005145140051451400514514005145140051451400514514005145140051451400514514005145140051451400514514005145140051451400514514005145140051451400514514005145140051451400514514005145140051451400514514005145140051451400514514005145140051451400514514005145140051451400514514005145140051451400514514005145140051451400514514005145140051451400514514005145140051451400514514005145140051451400514514005145140051451400514514005145140051451400514514005145140051451400514514005145140051451400514514005145140051451400514514005145140051451400514514005145140051451400514514005145140051451400514514005145140051451400514514005145140051451400514514005145140051451400514514005145140051451400514514005145140051451400514514005145140051451400514514005145140051451400514514005145140051451400514514005145140051451400514514005145140051451400514514005145140051451400514514005145140051451400514514005145140051451400514514005145140051451400514514005145140051451400514514005145140051451400514514005145140051451400514514005145140051451400514514005145140051451400514514005145140051451400514514005145140051451400514514005145140051451400514514005145140051451400514514005145140051451400514514005145140051451400514514005145140051451400514514005145140051451400514514005145140051451400514514005145140051451400514514005145140051451400514514005145140051451400514514005145140051451400514514005145140051451400514514005145140051451400514514005145140051451400514514005145140051451400514514005145140051451400514514005145140051451400514514005145140051451400514514005145140051451400514514005145140051451400514514005145140051451400514514005145140051451400514514005145140051451400514514005145140051451400514514005145140051451400514514005145140051451400514514005145140051451400514514005145140051451400514514005145140051451400514514005145140051451400514514005145140051451400514514005145140051451400514514005145140051451400514514005145140051451400514514005145140051451400514514005145140051451400514514005145140051451400514514005145140051451400514514005145140051451400514514005145140051451400514514005145140051451400514514005145140051451400514514005145140051451400514514005145140051451400514514005145140051451400514514005145140051451400514514005145140051451400514514005145140051451400514514005145140051451400514514005145140051451400514514005145140051451400514514005145140051451401ffd9, 'Raph', '123', '(65) 99227-8262', 'raphaelsilva@gmail.com', 'ele é o Raphael com F');

--
-- Índices para tabelas despejadas
--

--
-- Índices de tabela `conversas`
--
ALTER TABLE `conversas`
  ADD PRIMARY KEY (`conversa_id`),
  ADD KEY `usuario1_id` (`usuario1_id`),
  ADD KEY `usuario2_id` (`usuario2_id`);

--
-- Índices de tabela `mensagens`
--
ALTER TABLE `mensagens`
  ADD PRIMARY KEY (`mensagem_id`),
  ADD KEY `conversa_id` (`conversa_id`),
  ADD KEY `remetente_id` (`remetente_id`);

--
-- Índices de tabela `Usuarios`
--
ALTER TABLE `Usuarios`
  ADD PRIMARY KEY (`usuario_id`);

--
-- AUTO_INCREMENT para tabelas despejadas
--

--
-- AUTO_INCREMENT de tabela `conversas`
--
ALTER TABLE `conversas`
  MODIFY `conversa_id` int(11) NOT NULL AUTO_INCREMENT, AUTO_INCREMENT=50;

--
-- AUTO_INCREMENT de tabela `mensagens`
--
ALTER TABLE `mensagens`
  MODIFY `mensagem_id` int(11) NOT NULL AUTO_INCREMENT, AUTO_INCREMENT=42;

--
-- AUTO_INCREMENT de tabela `Usuarios`
--
ALTER TABLE `Usuarios`
  MODIFY `usuario_id` int(11) NOT NULL AUTO_INCREMENT, AUTO_INCREMENT=12;

--
-- Restrições para tabelas despejadas
--

--
-- Restrições para tabelas `conversas`
--
ALTER TABLE `conversas`
  ADD CONSTRAINT `conversas_ibfk_1` FOREIGN KEY (`usuario1_id`) REFERENCES `Usuarios` (`usuario_id`),
  ADD CONSTRAINT `conversas_ibfk_2` FOREIGN KEY (`usuario2_id`) REFERENCES `Usuarios` (`usuario_id`);

--
-- Restrições para tabelas `mensagens`
--
ALTER TABLE `mensagens`
  ADD CONSTRAINT `mensagens_ibfk_1` FOREIGN KEY (`conversa_id`) REFERENCES `conversas` (`conversa_id`),
  ADD CONSTRAINT `mensagens_ibfk_2` FOREIGN KEY (`remetente_id`) REFERENCES `Usuarios` (`usuario_id`);
COMMIT;

/*!40101 SET CHARACTER_SET_CLIENT=@OLD_CHARACTER_SET_CLIENT */;
/*!40101 SET CHARACTER_SET_RESULTS=@OLD_CHARACTER_SET_RESULTS */;
/*!40101 SET COLLATION_CONNECTION=@OLD_COLLATION_CONNECTION */;
